{
    "randomizer":[
        {
            "block":{"id":1,"meta":0},
            "variations":[
                {"id":1,"meta":1},
                {"id":1,"meta":2},
                {"id":4,"meta":0}
            ]
        },
        {
            "block":{"id":5,"meta":0},
            "variations":[
                {"id":5,"meta":0},
                {"id":5,"meta":1},
                {"id":5,"meta":2},
                {"id":5,"meta":3},
                {"id":5,"meta":4},
                {"id":5,"meta":5}
            ]
        }
    ],
    "blocks": [[[{"id":1},{"id":1},{"id":1},{"id":1},{"id":1},{"id":1},{"id":1},{"id":1},{"id":1},{"id":1},{"id":1},{"id":1}],[{"id":1},{"id":1},{"id":1},{"id":1},{"id":1},{"id":1},{"id":1},{"id":1},{"id":1},{"id":1},{"id":1},{"id":1}],[{"id":1},{"id":1},{"id":1},{"id":1},{"id":1},{"id":1},{"id":1},{"id":1},{"id":1},{"id":1},{"id":1},{"id":1}],[{"id":1},{"id":1},{"id":1},{"id":1},{"id":1},{"id":1},{"id":1},{"id":1},{"id":1},{"id":1},{"id":1},{"id":1}],[{"id":1},{"id":1},{"id":1},{"id":1},{"id":1},{"id":1},{"id":1},{"id":1},{"id":1},{"id":1},{"id":1},{"id":1}],[{"id":1},{"id":1},{"id":1},{"id":1},{"id":1},{"id":1},{"id":1},{"id":1},{"id":1},{"id":1},{"id":1},{"id":1}]],[[{"id":1},{"id":1},{"id":1},{"id":1},{"id":1},{"id":1},{"id":1},{"id":1},{"id":71},{"id":1},{"id":1},{"id":1}],[{"id":1},0,0,0,0,0,0,0,0,0,0,{"id":1}],[{"id":1},0,0,0,0,0,0,0,0,0,{"id":156,"meta":4},{"id":1}],[{"id":1},0,0,0,0,0,0,0,0,0,{"id":156,"meta":1},{"id":1}],[{"id":1},0,0,0,0,0,0,0,0,0,0,{"id":1}],[{"id":1},{"id":1},{"id":1},{"id":1},{"id":1},{"id":1},{"id":1},{"id":1},{"id":1},{"id":1},{"id":1},{"id":1}]],[[{"id":1},0,{"id":1},0,{"id":1},0,{"id":1},{"id":1},{"id":71,"meta":8},{"id":1},{"id":102},{"id":1}],[{"id":1},0,0,0,0,0,0,0,0,0,{"id":156,"meta":4},{"id":1}],[{"id":1},0,0,0,0,0,0,0,0,0,{"id":156,"meta":1},{"id":1}],[{"id":1},0,0,0,0,0,0,0,0,0,0,{"id":1}],[{"id":1},0,0,0,0,0,0,0,0,0,0,{"id":1}],[{"id":1},{"id":5},{"id":1},0,{"id":1},0,{"id":1},{"id":5},{"id":1},{"id":5},{"id":1},{"id":1}]],[[{"id":1},{"id":1},{"id":1},{"id":1},{"id":1},{"id":1},{"id":1},{"id":1},{"id":1},{"id":1},{"id":1},{"id":1}],[{"id":1},0,0,0,0,0,0,0,0,0,{"id":156,"meta":1},{"id":1}],[{"id":1},0,0,0,0,0,0,0,0,0,0,{"id":1}],[{"id":1},0,0,0,0,0,0,0,0,0,0,{"id":1}],[{"id":1},0,0,0,0,0,0,0,0,0,0,{"id":1}],[{"id":1},{"id":1},{"id":1},{"id":1},{"id":1},{"id":1},{"id":1},{"id":1},{"id":1},{"id":1},{"id":1},{"id":1}]],[[{"id":1},{"id":1},{"id":1},{"id":1},{"id":1},{"id":1},{"id":1},{"id":1},{"id":1},{"id":1},{"id":1},{"id":1}],[{"id":1},{"id":1},{"id":1},{"id":1},{"id":1},{"id":1},{"id":1},{"id":1},{"id":1},{"id":1},0,{"id":1}],[{"id":1},{"id":1},{"id":1},{"id":1},{"id":1},{"id":1},{"id":1},{"id":1},{"id":1},{"id":1},0,{"id":1}],[{"id":1},{"id":1},{"id":1},{"id":1},{"id":1},{"id":1},{"id":1},{"id":1},{"id":1},{"id":1},0,{"id":1}],[{"id":1},{"id":1},{"id":1},{"id":1},{"id":1},{"id":1},{"id":1},{"id":1},{"id":1},{"id":1},{"id":1},{"id":1}],[{"id":1},{"id":1},{"id":1},{"id":1},{"id":1},{"id":1},{"id":1},{"id":1},{"id":1},{"id":1},{"id":1},{"id":1}]],[[{"id":1},{"id":1},{"id":1},{"id":1},{"id":1},{"id":1},{"id":1},{"id":1},{"id":1},{"id":1},{"id":1},{"id":1}],[{"id":1},0,0,0,0,0,0,0,0,0,0,{"id":1}],[{"id":1},0,0,0,0,0,0,0,0,0,0,{"id":1}],[{"id":1},0,0,0,0,{"id":85},0,0,0,0,0,{"id":1}],[{"id":1},0,0,0,0,0,0,0,0,0,0,{"id":1}],[{"id":1},{"id":1},{"id":1},{"id":1},{"id":1},{"id":1},{"id":1},{"id":1},{"id":1},{"id":1},{"id":1},{"id":1}]],[[{"id":1},{"id":5},{"id":102},{"id":1},0,{"id":1},{"id":5},{"id":173},0,{"id":1},0,{"id":1}],[{"id":1},0,0,0,0,0,0,0,0,0,0,{"id":1}],[{"id":1},0,0,0,0,0,0,0,0,0,0,{"id":1}],[{"id":1},0,0,0,0,{"id":70},0,0,0,0,0,{"id":1}],[{"id":1},0,0,0,0,0,0,0,0,0,0,{"id":1}],[{"id":1},{"id":102},{"id":1},{"id":1},0,{"id":1},0,{"id":1},{"id":1},0,{"id":1},{"id":1}]],[[{"id":1},{"id":1},{"id":1},{"id":1},{"id":1},{"id":1},{"id":173},0,{"id":173},{"id":1},{"id":1},{"id":1}],[{"id":1},0,0,0,0,0,0,0,0,0,0,{"id":1}],[{"id":1},0,0,0,0,0,0,0,0,0,0,{"id":1}],[{"id":1},0,0,0,0,0,0,0,0,0,0,{"id":1}],[{"id":1},0,0,0,0,0,0,0,0,0,0,{"id":1}],[{"id":1},{"id":1},{"id":1},{"id":1},{"id":1},{"id":1},{"id":1},{"id":1},{"id":1},{"id":1},{"id":1},{"id":1}]],[[{"id":1},{"id":1},{"id":1},{"id":1},{"id":1},{"id":173},0,0,0,{"id":173},{"id":1},{"id":1}],[{"id":1},{"id":1},{"id":1},{"id":1},{"id":1},{"id":1},{"id":173},0,0,{"id":173},{"id":1},{"id":1}],[{"id":1},{"id":1},{"id":1},{"id":1},{"id":1},{"id":1},{"id":173},0,0,0,{"id":173},{"id":1}],[{"id":1},{"id":1},{"id":1},{"id":1},{"id":1},{"id":1},{"id":1},{"id":173},0,{"id":173},{"id":1},{"id":1}],[{"id":1},{"id":1},{"id":1},{"id":1},{"id":1},{"id":1},{"id":1},{"id":1},{"id":173},{"id":1},{"id":1},{"id":1}],[{"id":1},{"id":1},{"id":1},{"id":1},{"id":1},{"id":1},{"id":1},{"id":1},{"id":1},{"id":1},{"id":1},{"id":1}]],[[0,0,0,0,0,0,0,0,0,0,0,0],[0,0,0,0,0,0,0,0,0,0,0,0],[0,0,0,0,0,0,0,0,0,0,0,0],[0,0,0,0,0,0,0,0,0,0,0,0],[0,0,0,0,0,0,0,0,0,0,0,0],[{"id":45},0,0,0,0,0,0,0,0,0,0,0]],[[0,0,0,0,0,0,0,0,0,0,0,0],[0,0,0,0,0,0,0,0,0,0,0,0],[0,0,0,0,0,0,0,0,0,0,0,0],[0,0,0,0,0,0,0,0,0,0,0,0],[0,0,0,0,0,0,0,0,0,0,0,0],[{"id":45},0,0,0,0,0,0,0,0,0,0,0]],[[0,0,0,0,0,0,0,0,0,0,0,0],[0,0,0,0,0,0,0,0,0,0,0,0],[0,0,0,0,0,0,0,0,0,0,0,0],[0,0,0,0,0,0,0,0,0,0,0,0],[0,0,0,0,0,0,0,0,0,0,0,0],[{"id":45},0,0,0,0,0,0,0,0,0,0,0]],[[0,0,0,0,0,0,0,0,0,0,0,0],[0,0,0,0,0,0,0,0,0,0,0,0],[0,0,0,0,0,0,0,0,0,0,0,0],[0,0,0,0,0,0,0,0,0,0,0,0],[0,0,0,0,0,0,0,0,0,0,0,0],[{"id":45},0,0,0,0,0,0,0,0,0,0,0]]]
}

