[[[{"id":0,"meta":0},{"id":0,"meta":0},{"id":0,"meta":0},{"id":0,"meta":0},{"id":0,"meta":0},{"id":0,"meta":0},{"id":0,"meta":0},{"id":0,"meta":0},{"id":0,"meta":0},{"id":0,"meta":0},{"id":0,"meta":0},{"id":0,"meta":0},{"id":0,"meta":0},{"id":0,"meta":0}],[{"id":0,"meta":0},{"id":0,"meta":0},{"id":0,"meta":0},{"id":0,"meta":0},{"id":0,"meta":0},{"id":0,"meta":0},{"id":0,"meta":0},{"id":18,"meta":12},{"id":0,"meta":0},{"id":0,"meta":0},{"id":0,"meta":0},{"id":0,"meta":0},{"id":0,"meta":0},{"id":0,"meta":0}],[{"id":0,"meta":0},{"id":0,"meta":0},{"id":0,"meta":0},{"id":0,"meta":0},{"id":0,"meta":0},{"id":0,"meta":0},{"id":106,"meta":1},{"id":0,"meta":0},{"id":45,"meta":0},{"id":45,"meta":0},{"id":45,"meta":0},{"id":45,"meta":0},{"id":45,"meta":0},{"id":45,"meta":0}],[{"id":0,"meta":0},{"id":0,"meta":0},{"id":0,"meta":0},{"id":0,"meta":0},{"id":0,"meta":0},{"id":0,"meta":0},{"id":106,"meta":1},{"id":18,"meta":12},{"id":45,"meta":0},{"id":24,"meta":0},{"id":24,"meta":0},{"id":24,"meta":0},{"id":24,"meta":0},{"id":45,"meta":0}],[{"id":0,"meta":0},{"id":0,"meta":0},{"id":0,"meta":0},{"id":0,"meta":0},{"id":0,"meta":0},{"id":0,"meta":0},{"id":106,"meta":1},{"id":18,"meta":8},{"id":45,"meta":0},{"id":24,"meta":0},{"id":24,"meta":0},{"id":24,"meta":0},{"id":24,"meta":0},{"id":45,"meta":0}],[{"id":0,"meta":0},{"id":0,"meta":0},{"id":0,"meta":0},{"id":0,"meta":0},{"id":0,"meta":0},{"id":0,"meta":0},{"id":106,"meta":1},{"id":18,"meta":8},{"id":45,"meta":0},{"id":0,"meta":0},{"id":24,"meta":0},{"id":24,"meta":0},{"id":24,"meta":0},{"id":45,"meta":0}],[{"id":0,"meta":0},{"id":0,"meta":0},{"id":45,"meta":0},{"id":109,"meta":0},{"id":109,"meta":0},{"id":109,"meta":0},{"id":45,"meta":0},{"id":18,"meta":8},{"id":45,"meta":0},{"id":0,"meta":0},{"id":0,"meta":0},{"id":24,"meta":0},{"id":24,"meta":0},{"id":45,"meta":0}],[{"id":0,"meta":0},{"id":0,"meta":0},{"id":45,"meta":0},{"id":159,"meta":4},{"id":159,"meta":4},{"id":159,"meta":4},{"id":45,"meta":0},{"id":18,"meta":8},{"id":45,"meta":0},{"id":0,"meta":0},{"id":24,"meta":0},{"id":24,"meta":0},{"id":24,"meta":0},{"id":45,"meta":0}],[{"id":0,"meta":0},{"id":0,"meta":0},{"id":45,"meta":0},{"id":159,"meta":4},{"id":159,"meta":4},{"id":159,"meta":4},{"id":45,"meta":0},{"id":18,"meta":8},{"id":45,"meta":0},{"id":24,"meta":0},{"id":24,"meta":0},{"id":24,"meta":0},{"id":24,"meta":0},{"id":45,"meta":0}],[{"id":0,"meta":0},{"id":0,"meta":0},{"id":45,"meta":0},{"id":159,"meta":4},{"id":159,"meta":4},{"id":159,"meta":4},{"id":45,"meta":0},{"id":18,"meta":8},{"id":45,"meta":0},{"id":24,"meta":0},{"id":24,"meta":0},{"id":24,"meta":0},{"id":24,"meta":0},{"id":45,"meta":0}],[{"id":45,"meta":0},{"id":45,"meta":0},{"id":45,"meta":0},{"id":45,"meta":0},{"id":45,"meta":0},{"id":45,"meta":0},{"id":45,"meta":0},{"id":45,"meta":0},{"id":45,"meta":0},{"id":24,"meta":0},{"id":24,"meta":0},{"id":24,"meta":0},{"id":24,"meta":0},{"id":45,"meta":0}],[{"id":45,"meta":0},{"id":24,"meta":0},{"id":24,"meta":0},{"id":24,"meta":0},{"id":24,"meta":0},{"id":24,"meta":0},{"id":24,"meta":0},{"id":24,"meta":0},{"id":24,"meta":0},{"id":24,"meta":0},{"id":24,"meta":0},{"id":24,"meta":0},{"id":24,"meta":0},{"id":45,"meta":0}],[{"id":45,"meta":0},{"id":24,"meta":0},{"id":24,"meta":0},{"id":24,"meta":0},{"id":24,"meta":0},{"id":24,"meta":0},{"id":24,"meta":0},{"id":24,"meta":0},{"id":24,"meta":0},{"id":24,"meta":0},{"id":24,"meta":0},{"id":24,"meta":0},{"id":24,"meta":0},{"id":45,"meta":0}],[{"id":45,"meta":0},{"id":24,"meta":0},{"id":24,"meta":0},{"id":24,"meta":0},{"id":24,"meta":0},{"id":24,"meta":0},{"id":24,"meta":0},{"id":24,"meta":0},{"id":24,"meta":0},{"id":24,"meta":0},{"id":24,"meta":0},{"id":24,"meta":0},{"id":24,"meta":0},{"id":45,"meta":0}],[{"id":45,"meta":0},{"id":45,"meta":0},{"id":45,"meta":0},{"id":45,"meta":0},{"id":45,"meta":0},{"id":45,"meta":0},{"id":45,"meta":0},{"id":45,"meta":0},{"id":45,"meta":0},{"id":45,"meta":0},{"id":45,"meta":0},{"id":45,"meta":0},{"id":45,"meta":0},{"id":45,"meta":0}]],[[{"id":0,"meta":0},{"id":0,"meta":0},{"id":0,"meta":0},{"id":0,"meta":0},{"id":0,"meta":0},{"id":0,"meta":0},{"id":0,"meta":0},{"id":0,"meta":0},{"id":0,"meta":0},{"id":0,"meta":0},{"id":0,"meta":0},{"id":0,"meta":0},{"id":0,"meta":0},{"id":0,"meta":0}],[{"id":0,"meta":0},{"id":0,"meta":0},{"id":0,"meta":0},{"id":0,"meta":0},{"id":0,"meta":0},{"id":0,"meta":0},{"id":0,"meta":0},{"id":0,"meta":0},{"id":0,"meta":0},{"id":0,"meta":0},{"id":0,"meta":0},{"id":0,"meta":0},{"id":0,"meta":0},{"id":0,"meta":0}],[{"id":0,"meta":0},{"id":0,"meta":0},{"id":0,"meta":0},{"id":0,"meta":0},{"id":0,"meta":0},{"id":0,"meta":0},{"id":106,"meta":1},{"id":18,"meta":12},{"id":98,"meta":0},{"id":159,"meta":8},{"id":159,"meta":8},{"id":159,"meta":8},{"id":159,"meta":8},{"id":98,"meta":0}],[{"id":0,"meta":0},{"id":0,"meta":0},{"id":0,"meta":0},{"id":0,"meta":0},{"id":0,"meta":0},{"id":0,"meta":0},{"id":106,"meta":1},{"id":18,"meta":12},{"id":159,"meta":14},{"id":180,"meta":1},{"id":58,"meta":0},{"id":61,"meta":5},{"id":180,"meta":1},{"id":159,"meta":4}],[{"id":0,"meta":0},{"id":0,"meta":0},{"id":0,"meta":0},{"id":0,"meta":0},{"id":0,"meta":0},{"id":0,"meta":0},{"id":106,"meta":1},{"id":18,"meta":8},{"id":159,"meta":14},{"id":0,"meta":0},{"id":0,"meta":0},{"id":0,"meta":0},{"id":0,"meta":0},{"id":159,"meta":4}],[{"id":0,"meta":0},{"id":0,"meta":0},{"id":0,"meta":0},{"id":0,"meta":0},{"id":0,"meta":0},{"id":0,"meta":0},{"id":106,"meta":1},{"id":18,"meta":8},{"id":159,"meta":14},{"id":0,"meta":0},{"id":0,"meta":0},{"id":135,"meta":1},{"id":135,"meta":1},{"id":159,"meta":4}],[{"id":0,"meta":0},{"id":0,"meta":0},{"id":85,"meta":2},{"id":0,"meta":0},{"id":0,"meta":0},{"id":0,"meta":0},{"id":85,"meta":2},{"id":18,"meta":8},{"id":98,"meta":0},{"id":0,"meta":0},{"id":0,"meta":0},{"id":85,"meta":0},{"id":85,"meta":0},{"id":98,"meta":0}],[{"id":0,"meta":0},{"id":0,"meta":0},{"id":85,"meta":2},{"id":0,"meta":0},{"id":0,"meta":0},{"id":0,"meta":0},{"id":85,"meta":2},{"id":18,"meta":8},{"id":159,"meta":11},{"id":0,"meta":0},{"id":0,"meta":0},{"id":85,"meta":0},{"id":85,"meta":0},{"id":159,"meta":5}],[{"id":0,"meta":0},{"id":0,"meta":0},{"id":85,"meta":2},{"id":0,"meta":0},{"id":0,"meta":0},{"id":0,"meta":0},{"id":85,"meta":2},{"id":18,"meta":8},{"id":159,"meta":11},{"id":0,"meta":0},{"id":0,"meta":0},{"id":135,"meta":0},{"id":135,"meta":0},{"id":159,"meta":5}],[{"id":0,"meta":0},{"id":0,"meta":0},{"id":85,"meta":2},{"id":0,"meta":0},{"id":0,"meta":0},{"id":0,"meta":0},{"id":85,"meta":2},{"id":18,"meta":8},{"id":159,"meta":11},{"id":45,"meta":0},{"id":0,"meta":0},{"id":45,"meta":0},{"id":45,"meta":0},{"id":159,"meta":5}],[{"id":98,"meta":0},{"id":1,"meta":2},{"id":45,"meta":0},{"id":98,"meta":0},{"id":0,"meta":0},{"id":98,"meta":0},{"id":45,"meta":0},{"id":1,"meta":2},{"id":98,"meta":0},{"id":0,"meta":0},{"id":0,"meta":0},{"id":53,"meta":7},{"id":158,"meta":8},{"id":98,"meta":0}],[{"id":159,"meta":1},{"id":0,"meta":0},{"id":135,"meta":6},{"id":135,"meta":3},{"id":0,"meta":0},{"id":0,"meta":0},{"id":0,"meta":0},{"id":0,"meta":0},{"id":0,"meta":0},{"id":0,"meta":0},{"id":0,"meta":0},{"id":26,"meta":0},{"id":26,"meta":8},{"id":159,"meta":2}],[{"id":159,"meta":1},{"id":0,"meta":0},{"id":0,"meta":0},{"id":0,"meta":0},{"id":0,"meta":0},{"id":0,"meta":0},{"id":0,"meta":0},{"id":0,"meta":0},{"id":0,"meta":0},{"id":45,"meta":0},{"id":0,"meta":0},{"id":26,"meta":0},{"id":26,"meta":8},{"id":159,"meta":2}],[{"id":159,"meta":1},{"id":0,"meta":0},{"id":0,"meta":0},{"id":0,"meta":0},{"id":0,"meta":0},{"id":0,"meta":0},{"id":0,"meta":0},{"id":0,"meta":0},{"id":45,"meta":0},{"id":0,"meta":0},{"id":0,"meta":0},{"id":53,"meta":7},{"id":158,"meta":8},{"id":159,"meta":2}],[{"id":98,"meta":0},{"id":159,"meta":0},{"id":159,"meta":0},{"id":159,"meta":0},{"id":98,"meta":0},{"id":159,"meta":9},{"id":159,"meta":9},{"id":159,"meta":9},{"id":159,"meta":9},{"id":98,"meta":0},{"id":159,"meta":15},{"id":159,"meta":15},{"id":159,"meta":15},{"id":98,"meta":0}]],[[{"id":0,"meta":0},{"id":0,"meta":0},{"id":0,"meta":0},{"id":0,"meta":0},{"id":0,"meta":0},{"id":0,"meta":0},{"id":0,"meta":0},{"id":0,"meta":0},{"id":0,"meta":0},{"id":0,"meta":0},{"id":0,"meta":0},{"id":0,"meta":0},{"id":0,"meta":0},{"id":0,"meta":0}],[{"id":0,"meta":0},{"id":0,"meta":0},{"id":0,"meta":0},{"id":0,"meta":0},{"id":0,"meta":0},{"id":0,"meta":0},{"id":0,"meta":0},{"id":0,"meta":0},{"id":0,"meta":0},{"id":0,"meta":0},{"id":0,"meta":0},{"id":0,"meta":0},{"id":0,"meta":0},{"id":0,"meta":0}],[{"id":0,"meta":0},{"id":0,"meta":0},{"id":0,"meta":0},{"id":0,"meta":0},{"id":0,"meta":0},{"id":0,"meta":0},{"id":0,"meta":0},{"id":171,"meta":14},{"id":98,"meta":0},{"id":159,"meta":8},{"id":102,"meta":0},{"id":0,"meta":0},{"id":159,"meta":8},{"id":98,"meta":0}],[{"id":0,"meta":0},{"id":0,"meta":0},{"id":0,"meta":0},{"id":0,"meta":0},{"id":0,"meta":0},{"id":0,"meta":0},{"id":0,"meta":0},{"id":171,"meta":14},{"id":159,"meta":14},{"id":0,"meta":0},{"id":0,"meta":0},{"id":0,"meta":0},{"id":0,"meta":0},{"id":159,"meta":4}],[{"id":0,"meta":0},{"id":0,"meta":0},{"id":0,"meta":0},{"id":0,"meta":0},{"id":0,"meta":0},{"id":0,"meta":0},{"id":0,"meta":0},{"id":171,"meta":14},{"id":102,"meta":0},{"id":0,"meta":0},{"id":0,"meta":0},{"id":0,"meta":0},{"id":0,"meta":0},{"id":102,"meta":0}],[{"id":0,"meta":0},{"id":0,"meta":0},{"id":0,"meta":0},{"id":0,"meta":0},{"id":0,"meta":0},{"id":0,"meta":0},{"id":0,"meta":0},{"id":0,"meta":0},{"id":159,"meta":14},{"id":0,"meta":0},{"id":0,"meta":0},{"id":0,"meta":0},{"id":0,"meta":0},{"id":159,"meta":4}],[{"id":0,"meta":0},{"id":0,"meta":0},{"id":85,"meta":2},{"id":0,"meta":0},{"id":0,"meta":0},{"id":0,"meta":0},{"id":85,"meta":2},{"id":171,"meta":14},{"id":98,"meta":0},{"id":0,"meta":0},{"id":0,"meta":0},{"id":171,"meta":4},{"id":171,"meta":4},{"id":98,"meta":0}],[{"id":0,"meta":0},{"id":0,"meta":0},{"id":0,"meta":0},{"id":0,"meta":0},{"id":0,"meta":0},{"id":0,"meta":0},{"id":0,"meta":0},{"id":0,"meta":0},{"id":159,"meta":11},{"id":0,"meta":0},{"id":0,"meta":0},{"id":171,"meta":4},{"id":171,"meta":4},{"id":159,"meta":5}],[{"id":0,"meta":0},{"id":0,"meta":0},{"id":0,"meta":0},{"id":0,"meta":0},{"id":0,"meta":0},{"id":0,"meta":0},{"id":0,"meta":0},{"id":171,"meta":14},{"id":102,"meta":0},{"id":0,"meta":0},{"id":0,"meta":0},{"id":0,"meta":0},{"id":0,"meta":0},{"id":102,"meta":0}],[{"id":0,"meta":0},{"id":0,"meta":0},{"id":0,"meta":0},{"id":0,"meta":0},{"id":0,"meta":0},{"id":0,"meta":0},{"id":0,"meta":0},{"id":171,"meta":14},{"id":159,"meta":11},{"id":45,"meta":0},{"id":0,"meta":0},{"id":45,"meta":0},{"id":45,"meta":0},{"id":159,"meta":5}],[{"id":98,"meta":0},{"id":1,"meta":2},{"id":45,"meta":0},{"id":98,"meta":0},{"id":0,"meta":0},{"id":98,"meta":0},{"id":45,"meta":0},{"id":1,"meta":2},{"id":98,"meta":0},{"id":0,"meta":0},{"id":0,"meta":0},{"id":45,"meta":0},{"id":0,"meta":0},{"id":98,"meta":0}],[{"id":159,"meta":1},{"id":135,"meta":6},{"id":135,"meta":3},{"id":0,"meta":0},{"id":0,"meta":0},{"id":0,"meta":0},{"id":0,"meta":0},{"id":0,"meta":0},{"id":0,"meta":0},{"id":0,"meta":0},{"id":0,"meta":0},{"id":0,"meta":0},{"id":0,"meta":0},{"id":159,"meta":2}],[{"id":102,"meta":0},{"id":0,"meta":0},{"id":0,"meta":0},{"id":0,"meta":0},{"id":0,"meta":0},{"id":0,"meta":0},{"id":0,"meta":0},{"id":0,"meta":0},{"id":0,"meta":0},{"id":0,"meta":0},{"id":0,"meta":0},{"id":0,"meta":0},{"id":0,"meta":0},{"id":102,"meta":0}],[{"id":159,"meta":1},{"id":0,"meta":0},{"id":0,"meta":0},{"id":0,"meta":0},{"id":0,"meta":0},{"id":0,"meta":0},{"id":0,"meta":0},{"id":0,"meta":0},{"id":0,"meta":0},{"id":0,"meta":0},{"id":0,"meta":0},{"id":0,"meta":0},{"id":0,"meta":0},{"id":159,"meta":2}],[{"id":98,"meta":0},{"id":159,"meta":0},{"id":102,"meta":0},{"id":159,"meta":0},{"id":98,"meta":0},{"id":159,"meta":9},{"id":102,"meta":0},{"id":102,"meta":0},{"id":159,"meta":9},{"id":98,"meta":0},{"id":159,"meta":15},{"id":102,"meta":0},{"id":159,"meta":15},{"id":98,"meta":0}]],[[{"id":0,"meta":0},{"id":0,"meta":0},{"id":0,"meta":0},{"id":0,"meta":0},{"id":0,"meta":0},{"id":0,"meta":0},{"id":0,"meta":0},{"id":0,"meta":0},{"id":0,"meta":0},{"id":0,"meta":0},{"id":0,"meta":0},{"id":0,"meta":0},{"id":0,"meta":0},{"id":0,"meta":0}],[{"id":0,"meta":0},{"id":0,"meta":0},{"id":0,"meta":0},{"id":0,"meta":0},{"id":0,"meta":0},{"id":0,"meta":0},{"id":0,"meta":0},{"id":0,"meta":0},{"id":0,"meta":0},{"id":0,"meta":0},{"id":0,"meta":0},{"id":0,"meta":0},{"id":0,"meta":0},{"id":0,"meta":0}],[{"id":0,"meta":0},{"id":0,"meta":0},{"id":0,"meta":0},{"id":0,"meta":0},{"id":0,"meta":0},{"id":0,"meta":0},{"id":0,"meta":0},{"id":0,"meta":0},{"id":0,"meta":0},{"id":159,"meta":8},{"id":0,"meta":0},{"id":102,"meta":0},{"id":159,"meta":8},{"id":98,"meta":0}],[{"id":0,"meta":0},{"id":0,"meta":0},{"id":0,"meta":0},{"id":0,"meta":0},{"id":0,"meta":0},{"id":0,"meta":0},{"id":0,"meta":0},{"id":0,"meta":0},{"id":159,"meta":14},{"id":0,"meta":0},{"id":0,"meta":0},{"id":0,"meta":0},{"id":0,"meta":0},{"id":159,"meta":4}],[{"id":0,"meta":0},{"id":0,"meta":0},{"id":0,"meta":0},{"id":0,"meta":0},{"id":0,"meta":0},{"id":0,"meta":0},{"id":0,"meta":0},{"id":0,"meta":0},{"id":0,"meta":0},{"id":0,"meta":0},{"id":0,"meta":0},{"id":0,"meta":0},{"id":0,"meta":0},{"id":102,"meta":0}],[{"id":0,"meta":0},{"id":0,"meta":0},{"id":0,"meta":0},{"id":0,"meta":0},{"id":0,"meta":0},{"id":0,"meta":0},{"id":0,"meta":0},{"id":0,"meta":0},{"id":159,"meta":14},{"id":0,"meta":0},{"id":0,"meta":0},{"id":0,"meta":0},{"id":0,"meta":0},{"id":159,"meta":4}],[{"id":0,"meta":0},{"id":0,"meta":0},{"id":85,"meta":2},{"id":0,"meta":0},{"id":0,"meta":0},{"id":0,"meta":0},{"id":85,"meta":2},{"id":0,"meta":0},{"id":98,"meta":0},{"id":0,"meta":0},{"id":0,"meta":0},{"id":0,"meta":0},{"id":0,"meta":0},{"id":98,"meta":0}],[{"id":0,"meta":0},{"id":0,"meta":0},{"id":0,"meta":0},{"id":0,"meta":0},{"id":0,"meta":0},{"id":0,"meta":0},{"id":0,"meta":0},{"id":0,"meta":0},{"id":159,"meta":11},{"id":0,"meta":0},{"id":0,"meta":0},{"id":0,"meta":0},{"id":0,"meta":0},{"id":159,"meta":5}],[{"id":0,"meta":0},{"id":0,"meta":0},{"id":0,"meta":0},{"id":0,"meta":0},{"id":0,"meta":0},{"id":0,"meta":0},{"id":0,"meta":0},{"id":0,"meta":0},{"id":102,"meta":0},{"id":0,"meta":0},{"id":0,"meta":0},{"id":0,"meta":0},{"id":0,"meta":0},{"id":102,"meta":0}],[{"id":0,"meta":0},{"id":0,"meta":0},{"id":0,"meta":0},{"id":0,"meta":0},{"id":0,"meta":0},{"id":0,"meta":0},{"id":0,"meta":0},{"id":0,"meta":0},{"id":159,"meta":11},{"id":45,"meta":0},{"id":45,"meta":0},{"id":45,"meta":0},{"id":0,"meta":0},{"id":159,"meta":5}],[{"id":98,"meta":0},{"id":1,"meta":2},{"id":45,"meta":0},{"id":98,"meta":0},{"id":98,"meta":0},{"id":98,"meta":0},{"id":45,"meta":0},{"id":1,"meta":2},{"id":98,"meta":0},{"id":0,"meta":0},{"id":0,"meta":0},{"id":0,"meta":0},{"id":0,"meta":0},{"id":98,"meta":0}],[{"id":159,"meta":1},{"id":135,"meta":3},{"id":0,"meta":0},{"id":0,"meta":0},{"id":0,"meta":0},{"id":0,"meta":0},{"id":0,"meta":0},{"id":0,"meta":0},{"id":0,"meta":0},{"id":0,"meta":0},{"id":0,"meta":0},{"id":0,"meta":0},{"id":0,"meta":0},{"id":159,"meta":2}],[{"id":102,"meta":0},{"id":135,"meta":5},{"id":0,"meta":0},{"id":0,"meta":0},{"id":0,"meta":0},{"id":0,"meta":0},{"id":0,"meta":0},{"id":0,"meta":0},{"id":0,"meta":0},{"id":0,"meta":0},{"id":0,"meta":0},{"id":0,"meta":0},{"id":0,"meta":0},{"id":102,"meta":0}],[{"id":159,"meta":1},{"id":0,"meta":0},{"id":0,"meta":0},{"id":0,"meta":0},{"id":0,"meta":0},{"id":0,"meta":0},{"id":0,"meta":0},{"id":0,"meta":0},{"id":0,"meta":0},{"id":0,"meta":0},{"id":0,"meta":0},{"id":0,"meta":0},{"id":0,"meta":0},{"id":159,"meta":2}],[{"id":0,"meta":0},{"id":159,"meta":0},{"id":102,"meta":0},{"id":159,"meta":0},{"id":98,"meta":0},{"id":159,"meta":9},{"id":102,"meta":0},{"id":102,"meta":0},{"id":159,"meta":9},{"id":98,"meta":0},{"id":159,"meta":15},{"id":102,"meta":0},{"id":159,"meta":15},{"id":0,"meta":0}]],[[{"id":0,"meta":0},{"id":0,"meta":0},{"id":0,"meta":0},{"id":0,"meta":0},{"id":0,"meta":0},{"id":0,"meta":0},{"id":0,"meta":0},{"id":0,"meta":0},{"id":0,"meta":0},{"id":0,"meta":0},{"id":0,"meta":0},{"id":0,"meta":0},{"id":0,"meta":0},{"id":0,"meta":0}],[{"id":0,"meta":0},{"id":0,"meta":0},{"id":0,"meta":0},{"id":0,"meta":0},{"id":0,"meta":0},{"id":0,"meta":0},{"id":0,"meta":0},{"id":0,"meta":0},{"id":0,"meta":0},{"id":0,"meta":0},{"id":0,"meta":0},{"id":0,"meta":0},{"id":0,"meta":0},{"id":0,"meta":0}],[{"id":0,"meta":0},{"id":0,"meta":0},{"id":0,"meta":0},{"id":0,"meta":0},{"id":0,"meta":0},{"id":0,"meta":0},{"id":0,"meta":0},{"id":0,"meta":0},{"id":0,"meta":0},{"id":0,"meta":0},{"id":159,"meta":8},{"id":159,"meta":8},{"id":159,"meta":8},{"id":98,"meta":0}],[{"id":0,"meta":0},{"id":0,"meta":0},{"id":0,"meta":0},{"id":0,"meta":0},{"id":0,"meta":0},{"id":0,"meta":0},{"id":0,"meta":0},{"id":0,"meta":0},{"id":0,"meta":0},{"id":0,"meta":0},{"id":0,"meta":0},{"id":0,"meta":0},{"id":0,"meta":0},{"id":159,"meta":4}],[{"id":0,"meta":0},{"id":0,"meta":0},{"id":0,"meta":0},{"id":0,"meta":0},{"id":0,"meta":0},{"id":0,"meta":0},{"id":0,"meta":0},{"id":0,"meta":0},{"id":159,"meta":14},{"id":0,"meta":0},{"id":0,"meta":0},{"id":0,"meta":0},{"id":0,"meta":0},{"id":159,"meta":4}],[{"id":0,"meta":0},{"id":0,"meta":0},{"id":0,"meta":0},{"id":0,"meta":0},{"id":0,"meta":0},{"id":0,"meta":0},{"id":0,"meta":0},{"id":0,"meta":0},{"id":159,"meta":14},{"id":0,"meta":0},{"id":0,"meta":0},{"id":0,"meta":0},{"id":0,"meta":0},{"id":159,"meta":4}],[{"id":0,"meta":0},{"id":0,"meta":0},{"id":44,"meta":4},{"id":44,"meta":4},{"id":43,"meta":4},{"id":44,"meta":4},{"id":44,"meta":4},{"id":0,"meta":0},{"id":98,"meta":0},{"id":0,"meta":0},{"id":0,"meta":0},{"id":0,"meta":0},{"id":0,"meta":0},{"id":98,"meta":0}],[{"id":0,"meta":0},{"id":108,"meta":6},{"id":43,"meta":4},{"id":44,"meta":12},{"id":44,"meta":12},{"id":44,"meta":12},{"id":43,"meta":4},{"id":108,"meta":7},{"id":159,"meta":11},{"id":0,"meta":0},{"id":0,"meta":0},{"id":0,"meta":0},{"id":0,"meta":0},{"id":159,"meta":5}],[{"id":0,"meta":0},{"id":108,"meta":6},{"id":43,"meta":4},{"id":44,"meta":12},{"id":44,"meta":12},{"id":44,"meta":12},{"id":43,"meta":4},{"id":108,"meta":7},{"id":159,"meta":11},{"id":0,"meta":0},{"id":0,"meta":0},{"id":0,"meta":0},{"id":0,"meta":0},{"id":159,"meta":5}],[{"id":0,"meta":0},{"id":108,"meta":6},{"id":43,"meta":4},{"id":44,"meta":12},{"id":44,"meta":12},{"id":44,"meta":12},{"id":43,"meta":4},{"id":108,"meta":7},{"id":159,"meta":11},{"id":0,"meta":0},{"id":45,"meta":0},{"id":0,"meta":0},{"id":0,"meta":0},{"id":159,"meta":5}],[{"id":98,"meta":0},{"id":1,"meta":2},{"id":45,"meta":0},{"id":45,"meta":0},{"id":45,"meta":0},{"id":45,"meta":0},{"id":45,"meta":0},{"id":1,"meta":2},{"id":98,"meta":0},{"id":0,"meta":0},{"id":0,"meta":0},{"id":0,"meta":0},{"id":0,"meta":0},{"id":98,"meta":0}],[{"id":159,"meta":1},{"id":0,"meta":0},{"id":0,"meta":0},{"id":0,"meta":0},{"id":0,"meta":0},{"id":0,"meta":0},{"id":0,"meta":0},{"id":0,"meta":0},{"id":0,"meta":0},{"id":0,"meta":0},{"id":0,"meta":0},{"id":0,"meta":0},{"id":0,"meta":0},{"id":159,"meta":2}],[{"id":159,"meta":1},{"id":135,"meta":0},{"id":0,"meta":0},{"id":0,"meta":0},{"id":0,"meta":0},{"id":0,"meta":0},{"id":0,"meta":0},{"id":0,"meta":0},{"id":0,"meta":0},{"id":0,"meta":0},{"id":0,"meta":0},{"id":0,"meta":0},{"id":0,"meta":0},{"id":159,"meta":2}],[{"id":159,"meta":1},{"id":0,"meta":0},{"id":0,"meta":0},{"id":0,"meta":0},{"id":0,"meta":0},{"id":0,"meta":0},{"id":0,"meta":0},{"id":0,"meta":0},{"id":0,"meta":0},{"id":0,"meta":0},{"id":0,"meta":0},{"id":0,"meta":0},{"id":0,"meta":0},{"id":0,"meta":0}],[{"id":0,"meta":0},{"id":159,"meta":0},{"id":159,"meta":0},{"id":159,"meta":0},{"id":98,"meta":0},{"id":159,"meta":9},{"id":159,"meta":9},{"id":159,"meta":9},{"id":159,"meta":9},{"id":98,"meta":0},{"id":159,"meta":15},{"id":159,"meta":15},{"id":0,"meta":0},{"id":0,"meta":0}]],[[{"id":0,"meta":0},{"id":0,"meta":0},{"id":0,"meta":0},{"id":0,"meta":0},{"id":0,"meta":0},{"id":0,"meta":0},{"id":0,"meta":0},{"id":0,"meta":0},{"id":0,"meta":0},{"id":0,"meta":0},{"id":0,"meta":0},{"id":0,"meta":0},{"id":0,"meta":0},{"id":0,"meta":0}],[{"id":0,"meta":0},{"id":0,"meta":0},{"id":0,"meta":0},{"id":0,"meta":0},{"id":0,"meta":0},{"id":0,"meta":0},{"id":0,"meta":0},{"id":0,"meta":0},{"id":0,"meta":0},{"id":0,"meta":0},{"id":0,"meta":0},{"id":0,"meta":0},{"id":0,"meta":0},{"id":0,"meta":0}],[{"id":0,"meta":0},{"id":0,"meta":0},{"id":0,"meta":0},{"id":0,"meta":0},{"id":0,"meta":0},{"id":0,"meta":0},{"id":0,"meta":0},{"id":0,"meta":0},{"id":0,"meta":0},{"id":0,"meta":0},{"id":0,"meta":0},{"id":0,"meta":0},{"id":98,"meta":0},{"id":98,"meta":0}],[{"id":0,"meta":0},{"id":0,"meta":0},{"id":0,"meta":0},{"id":0,"meta":0},{"id":0,"meta":0},{"id":0,"meta":0},{"id":0,"meta":0},{"id":0,"meta":0},{"id":0,"meta":0},{"id":0,"meta":0},{"id":0,"meta":0},{"id":0,"meta":0},{"id":0,"meta":0},{"id":98,"meta":0}],[{"id":0,"meta":0},{"id":0,"meta":0},{"id":0,"meta":0},{"id":0,"meta":0},{"id":0,"meta":0},{"id":0,"meta":0},{"id":0,"meta":0},{"id":0,"meta":0},{"id":0,"meta":0},{"id":0,"meta":0},{"id":0,"meta":0},{"id":0,"meta":0},{"id":0,"meta":0},{"id":98,"meta":0}],[{"id":0,"meta":0},{"id":0,"meta":0},{"id":0,"meta":0},{"id":0,"meta":0},{"id":0,"meta":0},{"id":0,"meta":0},{"id":0,"meta":0},{"id":0,"meta":0},{"id":0,"meta":0},{"id":0,"meta":0},{"id":0,"meta":0},{"id":0,"meta":0},{"id":5,"meta":0},{"id":98,"meta":0}],[{"id":0,"meta":0},{"id":0,"meta":0},{"id":0,"meta":0},{"id":0,"meta":0},{"id":0,"meta":0},{"id":0,"meta":0},{"id":0,"meta":0},{"id":0,"meta":0},{"id":0,"meta":0},{"id":0,"meta":0},{"id":0,"meta":0},{"id":0,"meta":0},{"id":5,"meta":0},{"id":98,"meta":0}],[{"id":0,"meta":0},{"id":98,"meta":0},{"id":98,"meta":0},{"id":98,"meta":0},{"id":98,"meta":0},{"id":98,"meta":0},{"id":98,"meta":0},{"id":98,"meta":0},{"id":98,"meta":0},{"id":5,"meta":0},{"id":5,"meta":0},{"id":5,"meta":0},{"id":5,"meta":0},{"id":98,"meta":0}],[{"id":98,"meta":0},{"id":5,"meta":0},{"id":5,"meta":0},{"id":5,"meta":0},{"id":5,"meta":0},{"id":5,"meta":0},{"id":5,"meta":0},{"id":5,"meta":0},{"id":5,"meta":0},{"id":5,"meta":0},{"id":5,"meta":0},{"id":5,"meta":0},{"id":5,"meta":0},{"id":98,"meta":0}],[{"id":98,"meta":0},{"id":5,"meta":0},{"id":5,"meta":0},{"id":5,"meta":0},{"id":5,"meta":0},{"id":5,"meta":0},{"id":5,"meta":0},{"id":5,"meta":0},{"id":5,"meta":0},{"id":0,"meta":0},{"id":0,"meta":0},{"id":5,"meta":0},{"id":5,"meta":0},{"id":98,"meta":0}],[{"id":98,"meta":0},{"id":5,"meta":0},{"id":5,"meta":0},{"id":5,"meta":0},{"id":5,"meta":0},{"id":5,"meta":0},{"id":5,"meta":0},{"id":0,"meta":0},{"id":5,"meta":0},{"id":5,"meta":0},{"id":5,"meta":0},{"id":5,"meta":0},{"id":0,"meta":0},{"id":98,"meta":0}],[{"id":98,"meta":0},{"id":0,"meta":0},{"id":0,"meta":0},{"id":0,"meta":0},{"id":5,"meta":0},{"id":5,"meta":0},{"id":5,"meta":0},{"id":5,"meta":0},{"id":5,"meta":0},{"id":5,"meta":0},{"id":0,"meta":0},{"id":0,"meta":0},{"id":0,"meta":0},{"id":0,"meta":0}],[{"id":98,"meta":0},{"id":0,"meta":0},{"id":5,"meta":0},{"id":5,"meta":0},{"id":5,"meta":0},{"id":5,"meta":0},{"id":5,"meta":0},{"id":5,"meta":0},{"id":0,"meta":0},{"id":0,"meta":0},{"id":0,"meta":0},{"id":0,"meta":0},{"id":0,"meta":0},{"id":0,"meta":0}],[{"id":98,"meta":0},{"id":135,"meta":0},{"id":5,"meta":0},{"id":5,"meta":0},{"id":5,"meta":0},{"id":5,"meta":0},{"id":0,"meta":0},{"id":5,"meta":0},{"id":5,"meta":0},{"id":0,"meta":0},{"id":0,"meta":0},{"id":0,"meta":0},{"id":0,"meta":0},{"id":0,"meta":0}],[{"id":98,"meta":0},{"id":98,"meta":0},{"id":98,"meta":0},{"id":98,"meta":0},{"id":98,"meta":0},{"id":98,"meta":0},{"id":98,"meta":0},{"id":0,"meta":0},{"id":98,"meta":0},{"id":98,"meta":0},{"id":0,"meta":0},{"id":0,"meta":0},{"id":0,"meta":0},{"id":0,"meta":0}]],[[{"id":0,"meta":0},{"id":0,"meta":0},{"id":0,"meta":0},{"id":0,"meta":0},{"id":0,"meta":0},{"id":0,"meta":0},{"id":0,"meta":0},{"id":0,"meta":0},{"id":0,"meta":0},{"id":0,"meta":0},{"id":0,"meta":0},{"id":0,"meta":0},{"id":0,"meta":0},{"id":0,"meta":0}],[{"id":0,"meta":0},{"id":0,"meta":0},{"id":0,"meta":0},{"id":0,"meta":0},{"id":0,"meta":0},{"id":0,"meta":0},{"id":0,"meta":0},{"id":0,"meta":0},{"id":0,"meta":0},{"id":0,"meta":0},{"id":0,"meta":0},{"id":0,"meta":0},{"id":0,"meta":0},{"id":0,"meta":0}],[{"id":0,"meta":0},{"id":0,"meta":0},{"id":0,"meta":0},{"id":0,"meta":0},{"id":0,"meta":0},{"id":0,"meta":0},{"id":0,"meta":0},{"id":0,"meta":0},{"id":0,"meta":0},{"id":0,"meta":0},{"id":0,"meta":0},{"id":0,"meta":0},{"id":0,"meta":0},{"id":0,"meta":0}],[{"id":0,"meta":0},{"id":0,"meta":0},{"id":0,"meta":0},{"id":0,"meta":0},{"id":0,"meta":0},{"id":0,"meta":0},{"id":0,"meta":0},{"id":0,"meta":0},{"id":0,"meta":0},{"id":0,"meta":0},{"id":0,"meta":0},{"id":0,"meta":0},{"id":0,"meta":0},{"id":0,"meta":0}],[{"id":0,"meta":0},{"id":0,"meta":0},{"id":0,"meta":0},{"id":0,"meta":0},{"id":0,"meta":0},{"id":0,"meta":0},{"id":0,"meta":0},{"id":0,"meta":0},{"id":0,"meta":0},{"id":0,"meta":0},{"id":0,"meta":0},{"id":0,"meta":0},{"id":0,"meta":0},{"id":0,"meta":0}],[{"id":0,"meta":0},{"id":0,"meta":0},{"id":0,"meta":0},{"id":0,"meta":0},{"id":0,"meta":0},{"id":0,"meta":0},{"id":0,"meta":0},{"id":0,"meta":0},{"id":0,"meta":0},{"id":0,"meta":0},{"id":0,"meta":0},{"id":0,"meta":0},{"id":0,"meta":0},{"id":0,"meta":0}],[{"id":0,"meta":0},{"id":0,"meta":0},{"id":0,"meta":0},{"id":0,"meta":0},{"id":0,"meta":0},{"id":0,"meta":0},{"id":0,"meta":0},{"id":0,"meta":0},{"id":0,"meta":0},{"id":0,"meta":0},{"id":0,"meta":0},{"id":0,"meta":0},{"id":0,"meta":0},{"id":0,"meta":0}],[{"id":0,"meta":0},{"id":0,"meta":0},{"id":0,"meta":0},{"id":0,"meta":0},{"id":98,"meta":0},{"id":0,"meta":0},{"id":0,"meta":0},{"id":0,"meta":0},{"id":0,"meta":0},{"id":0,"meta":0},{"id":0,"meta":0},{"id":0,"meta":0},{"id":0,"meta":0},{"id":0,"meta":0}],[{"id":0,"meta":0},{"id":0,"meta":0},{"id":0,"meta":0},{"id":0,"meta":0},{"id":0,"meta":0},{"id":0,"meta":0},{"id":0,"meta":0},{"id":0,"meta":0},{"id":98,"meta":0},{"id":0,"meta":0},{"id":0,"meta":0},{"id":0,"meta":0},{"id":0,"meta":0},{"id":0,"meta":0}],[{"id":0,"meta":0},{"id":0,"meta":0},{"id":0,"meta":0},{"id":0,"meta":0},{"id":0,"meta":0},{"id":0,"meta":0},{"id":0,"meta":0},{"id":0,"meta":0},{"id":0,"meta":0},{"id":0,"meta":0},{"id":0,"meta":0},{"id":0,"meta":0},{"id":0,"meta":0},{"id":0,"meta":0}],[{"id":0,"meta":0},{"id":85,"meta":0},{"id":85,"meta":0},{"id":85,"meta":0},{"id":85,"meta":0},{"id":53,"meta":5},{"id":0,"meta":0},{"id":0,"meta":0},{"id":53,"meta":2},{"id":0,"meta":0},{"id":0,"meta":0},{"id":0,"meta":0},{"id":0,"meta":0},{"id":0,"meta":0}],[{"id":98,"meta":0},{"id":0,"meta":0},{"id":0,"meta":0},{"id":0,"meta":0},{"id":85,"meta":0},{"id":0,"meta":0},{"id":0,"meta":0},{"id":0,"meta":0},{"id":0,"meta":0},{"id":0,"meta":0},{"id":0,"meta":0},{"id":0,"meta":0},{"id":0,"meta":0},{"id":0,"meta":0}],[{"id":0,"meta":0},{"id":0,"meta":0},{"id":85,"meta":0},{"id":85,"meta":0},{"id":85,"meta":0},{"id":0,"meta":0},{"id":0,"meta":0},{"id":0,"meta":0},{"id":0,"meta":0},{"id":0,"meta":0},{"id":0,"meta":0},{"id":0,"meta":0},{"id":0,"meta":0},{"id":0,"meta":0}],[{"id":0,"meta":0},{"id":0,"meta":0},{"id":0,"meta":0},{"id":0,"meta":0},{"id":0,"meta":0},{"id":0,"meta":0},{"id":0,"meta":0},{"id":0,"meta":0},{"id":0,"meta":0},{"id":0,"meta":0},{"id":0,"meta":0},{"id":0,"meta":0},{"id":0,"meta":0},{"id":0,"meta":0}],[{"id":98,"meta":0},{"id":0,"meta":0},{"id":0,"meta":0},{"id":0,"meta":0},{"id":0,"meta":0},{"id":0,"meta":0},{"id":0,"meta":0},{"id":0,"meta":0},{"id":0,"meta":0},{"id":0,"meta":0},{"id":0,"meta":0},{"id":0,"meta":0},{"id":0,"meta":0},{"id":0,"meta":0}]],[[{"id":0,"meta":0},{"id":0,"meta":0},{"id":0,"meta":0},{"id":0,"meta":0},{"id":0,"meta":0},{"id":0,"meta":0},{"id":0,"meta":0},{"id":0,"meta":0},{"id":0,"meta":0},{"id":0,"meta":0},{"id":0,"meta":0},{"id":0,"meta":0},{"id":0,"meta":0},{"id":0,"meta":0}],[{"id":0,"meta":0},{"id":0,"meta":0},{"id":0,"meta":0},{"id":0,"meta":0},{"id":0,"meta":0},{"id":0,"meta":0},{"id":0,"meta":0},{"id":0,"meta":0},{"id":0,"meta":0},{"id":0,"meta":0},{"id":0,"meta":0},{"id":0,"meta":0},{"id":0,"meta":0},{"id":0,"meta":0}],[{"id":0,"meta":0},{"id":0,"meta":0},{"id":0,"meta":0},{"id":0,"meta":0},{"id":0,"meta":0},{"id":0,"meta":0},{"id":0,"meta":0},{"id":0,"meta":0},{"id":0,"meta":0},{"id":0,"meta":0},{"id":0,"meta":0},{"id":0,"meta":0},{"id":0,"meta":0},{"id":0,"meta":0}],[{"id":0,"meta":0},{"id":0,"meta":0},{"id":0,"meta":0},{"id":0,"meta":0},{"id":0,"meta":0},{"id":0,"meta":0},{"id":0,"meta":0},{"id":0,"meta":0},{"id":0,"meta":0},{"id":0,"meta":0},{"id":0,"meta":0},{"id":0,"meta":0},{"id":0,"meta":0},{"id":0,"meta":0}],[{"id":0,"meta":0},{"id":0,"meta":0},{"id":0,"meta":0},{"id":0,"meta":0},{"id":0,"meta":0},{"id":0,"meta":0},{"id":0,"meta":0},{"id":0,"meta":0},{"id":0,"meta":0},{"id":0,"meta":0},{"id":0,"meta":0},{"id":0,"meta":0},{"id":0,"meta":0},{"id":0,"meta":0}],[{"id":0,"meta":0},{"id":0,"meta":0},{"id":0,"meta":0},{"id":0,"meta":0},{"id":0,"meta":0},{"id":0,"meta":0},{"id":0,"meta":0},{"id":0,"meta":0},{"id":0,"meta":0},{"id":0,"meta":0},{"id":0,"meta":0},{"id":0,"meta":0},{"id":0,"meta":0},{"id":0,"meta":0}],[{"id":0,"meta":0},{"id":0,"meta":0},{"id":0,"meta":0},{"id":0,"meta":0},{"id":0,"meta":0},{"id":0,"meta":0},{"id":0,"meta":0},{"id":0,"meta":0},{"id":0,"meta":0},{"id":0,"meta":0},{"id":0,"meta":0},{"id":0,"meta":0},{"id":0,"meta":0},{"id":0,"meta":0}],[{"id":0,"meta":0},{"id":0,"meta":0},{"id":0,"meta":0},{"id":0,"meta":0},{"id":0,"meta":0},{"id":0,"meta":0},{"id":0,"meta":0},{"id":0,"meta":0},{"id":0,"meta":0},{"id":0,"meta":0},{"id":0,"meta":0},{"id":0,"meta":0},{"id":0,"meta":0},{"id":0,"meta":0}],[{"id":0,"meta":0},{"id":0,"meta":0},{"id":0,"meta":0},{"id":0,"meta":0},{"id":0,"meta":0},{"id":0,"meta":0},{"id":0,"meta":0},{"id":0,"meta":0},{"id":0,"meta":0},{"id":0,"meta":0},{"id":0,"meta":0},{"id":0,"meta":0},{"id":0,"meta":0},{"id":0,"meta":0}],[{"id":0,"meta":0},{"id":0,"meta":0},{"id":0,"meta":0},{"id":0,"meta":0},{"id":0,"meta":0},{"id":0,"meta":0},{"id":0,"meta":0},{"id":0,"meta":0},{"id":0,"meta":0},{"id":0,"meta":0},{"id":0,"meta":0},{"id":0,"meta":0},{"id":0,"meta":0},{"id":0,"meta":0}],[{"id":0,"meta":0},{"id":0,"meta":0},{"id":0,"meta":0},{"id":0,"meta":0},{"id":0,"meta":0},{"id":0,"meta":0},{"id":0,"meta":0},{"id":0,"meta":0},{"id":0,"meta":0},{"id":0,"meta":0},{"id":0,"meta":0},{"id":0,"meta":0},{"id":0,"meta":0},{"id":0,"meta":0}],[{"id":0,"meta":0},{"id":0,"meta":0},{"id":0,"meta":0},{"id":0,"meta":0},{"id":0,"meta":0},{"id":0,"meta":0},{"id":0,"meta":0},{"id":0,"meta":0},{"id":0,"meta":0},{"id":0,"meta":0},{"id":0,"meta":0},{"id":0,"meta":0},{"id":0,"meta":0},{"id":0,"meta":0}],[{"id":0,"meta":0},{"id":0,"meta":0},{"id":0,"meta":0},{"id":0,"meta":0},{"id":0,"meta":0},{"id":0,"meta":0},{"id":0,"meta":0},{"id":0,"meta":0},{"id":0,"meta":0},{"id":0,"meta":0},{"id":0,"meta":0},{"id":0,"meta":0},{"id":0,"meta":0},{"id":0,"meta":0}],[{"id":0,"meta":0},{"id":0,"meta":0},{"id":0,"meta":0},{"id":0,"meta":0},{"id":0,"meta":0},{"id":0,"meta":0},{"id":0,"meta":0},{"id":0,"meta":0},{"id":0,"meta":0},{"id":0,"meta":0},{"id":0,"meta":0},{"id":0,"meta":0},{"id":0,"meta":0},{"id":0,"meta":0}],[{"id":98,"meta":0},{"id":0,"meta":0},{"id":0,"meta":0},{"id":0,"meta":0},{"id":0,"meta":0},{"id":0,"meta":0},{"id":0,"meta":0},{"id":0,"meta":0},{"id":0,"meta":0},{"id":0,"meta":0},{"id":0,"meta":0},{"id":0,"meta":0},{"id":0,"meta":0},{"id":0,"meta":0}]]]