{
    "loot": [
    {
            "id": 3,
            "meta": 0,
            "rarity": 0.65,
            "count": {
                "min": 1,
                "max": 9
            }
        },
    {
            "id": 31,
            "meta": 0,
            "rarity": 0.69,
            "count": {
                "min": 1,
                "max": 6
            }
        },
    {
            "id": 32,
            "meta": 0,
            "rarity": 0.7,
            "count": {
                "min": 1,
                "max": 9
            }
        },
    {
            "id": 295,
            "meta": 0,
            "rarity": 0.56,
            "count": {
                "min": 1,
                "max": 17
            }
        },
    {
            "id": 339,
            "meta": 0,
            "rarity": 0.45,
            "count": {
                "min": 1,
                "max": 23
            }
        },
    {
            "id": 340,
            "meta": 0,
            "rarity": 0.33,
            "count": {
                "min": 1,
                "max": 7
            }
        },
{
            "id": 289,
            "meta": 0,
            "rarity": 0.79,
            "count": {
                "min": 5,
                "max": 11
            }
        },
{
            "id": 287,
            "meta": 0,
            "rarity": 0.56,
            "count": {
                "min": 13,
                "max": 27
            }
        },
{
            "id": 295,
            "meta": 0,
            "rarity": 0.32,
            "count": {
                "min": 1,
                "max": 3
            }
        },
{
            "id": 318,
            "meta": 0,
            "rarity": 0.1,
            "count": {
                "min": 15,
                "max": 27
            }
        },
{
            "id": 280,
            "meta": 0,
            "rarity": 0.89,
            "count": {
                "min": 7,
                "max": 9
            }
        }
    ],
    "blocks": [[[0,0,{"id":98},{"id":98},{"id":98},{"id":98},{"id":98,"meta":2},{"id":4},{"id":98},{"id":98},{"id":98,"meta":1},{"id":98},0,0],[0,{"id":4},{"id":5},{"id":4},{"id":5},{"id":5,"meta":1},{"id":98,"meta":1},{"id":98},{"id":5},{"id":4},{"id":5},{"id":5},{"id":98,"meta":1},0],[0,{"id":98},{"id":53,"meta":5},{"id":98,"meta":2},{"id":158,"meta":1},{"id":98,"meta":1},{"id":4},{"id":5},{"id":98,"meta":2},{"id":5},{"id":98,"meta":2},{"id":53,"meta":2},{"id":98,"meta":2},0],[0,{"id":4},{"id":4},{"id":5},{"id":4},{"id":158,"meta":1},{"id":5,"meta":1},{"id":98,"meta":1},{"id":53},{"id":5,"meta":1},{"id":98,"meta":1},{"id":98},{"id":98},0],[0,{"id":98,"meta":1},{"id":158,"meta":1},{"id":5},{"id":53},{"id":53,"meta":2},{"id":98,"meta":1},{"id":98},{"id":4},{"id":5},{"id":98,"meta":2},{"id":4},{"id":98},0],[{"id":98},{"id":98,"meta":2},{"id":5},{"id":4},{"id":5,"meta":1},{"id":53,"meta":3},{"id":5,"meta":1},{"id":98,"meta":2},{"id":5},{"id":98},{"id":5},{"id":5},{"id":53},{"id":98}],[{"id":98},{"id":5,"meta":1},{"id":5},{"id":98,"meta":1},{"id":53,"meta":3},{"id":53},{"id":98,"meta":2},{"id":5},{"id":5},{"id":5},{"id":5,"meta":1},{"id":98,"meta":1},{"id":5},{"id":98}],[{"id":98},{"id":5},{"id":5},{"id":4},{"id":5},{"id":5},{"id":5},{"id":159,"meta":9},{"id":5},{"id":4},{"id":5},{"id":4},{"id":98},{"id":98}],[{"id":98},{"id":98,"meta":2},{"id":4},{"id":4},{"id":4},{"id":98,"meta":1},{"id":5},{"id":98,"meta":2},{"id":5,"meta":1},{"id":98,"meta":1},{"id":5},{"id":5},{"id":5},{"id":98,"meta":1}],[{"id":98},{"id":5},{"id":53,"meta":1},{"id":53,"meta":2},{"id":53},{"id":158,"meta":1},{"id":53,"meta":1},{"id":5},{"id":5},{"id":98,"meta":2},{"id":5},{"id":53,"meta":1},{"id":98},{"id":98}],[{"id":98},{"id":158,"meta":1},{"id":53,"meta":2},{"id":53,"meta":2},{"id":53,"meta":1},{"id":4},{"id":5},{"id":4},{"id":98,"meta":1},{"id":4},{"id":98},{"id":5},{"id":5},{"id":98}],[{"id":98},{"id":5},{"id":4},{"id":5,"meta":1},{"id":98,"meta":2},{"id":5},{"id":158,"meta":1},{"id":5},{"id":98},{"id":5},{"id":5},{"id":4},{"id":5},{"id":98}],[{"id":98},{"id":98},{"id":5},{"id":4},{"id":5},{"id":53,"meta":2},{"id":5},{"id":5},{"id":98},{"id":53,"meta":3},{"id":5},{"id":5},{"id":98},0],[0,{"id":98},{"id":98},{"id":98},{"id":98},{"id":5},{"id":5},{"id":5},{"id":5},{"id":5},{"id":98},{"id":98,"meta":2},0,0],[0,0,0,0,0,{"id":1},{"id":98},{"id":109,"meta":1},{"id":109,"meta":1},{"id":1},0,0,0,0]],[[0,0,{"id":5},{"id":5},{"id":5},{"id":5},{"id":5},{"id":5},{"id":5},{"id":5},{"id":5},{"id":5},0,0],[0,{"id":5},{"id":170,"meta":4},{"id":170,"meta":4},{"id":85},{"id":53,"meta":6},{"id":53,"meta":5},{"id":53,"meta":7},{"id":85},{"id":170,"meta":4},{"id":170},{"id":30},{"id":5},0],[0,{"id":5},{"id":30},{"id":159,"meta":9},0,{"id":55},0,0,0,0,{"id":170,"meta":4},{"id":170},{"id":5},0],[0,{"id":5},{"id":159,"meta":9},{"id":159,"meta":9},{"id":55},0,{"id":116},0,0,0,0,0,{"id":5},0],[0,{"id":98},{"id":159,"meta":9},{"id":109},{"id":109},{"id":109},0,0,{"id":109},{"id":109},{"id":109},0,{"id":98,"meta":2},0],[{"id":98,"meta":1},{"id":30},0,0,0,0,0,0,0,{"id":159,"meta":9},0,{"id":144,"meta":1},{"id":30},{"id":98,"meta":2}],[{"id":98},{"id":85,"meta":2},{"id":109},{"id":109},{"id":109},0,0,{"id":109},{"id":109},{"id":109},{"id":109},{"id":109},{"id":170,"meta":8},{"id":98,"meta":2}],[{"id":98,"meta":1},{"id":170},0,{"id":159,"meta":9},{"id":159,"meta":9},0,{"id":159,"meta":9},{"id":30},0,0,0,0,{"id":85,"meta":2},{"id":98,"meta":2}],[{"id":98},{"id":170},{"id":109},{"id":159,"meta":9},{"id":109},{"id":109},{"id":30},{"id":159,"meta":9},{"id":109},{"id":109},{"id":109},{"id":109},{"id":170},{"id":98,"meta":2}],[{"id":98,"meta":1},{"id":109,"meta":3},0,0,0,0,0,0,0,0,0,{"id":144,"meta":1},{"id":109,"meta":2},{"id":98,"meta":2}],[{"id":98,"meta":1},{"id":109,"meta":3},0,0,0,0,0,0,0,0,0,0,{"id":109,"meta":2},{"id":98,"meta":2}],[{"id":98},{"id":109,"meta":3},0,0,0,0,0,0,{"id":53},0,0,0,{"id":109,"meta":2},{"id":98,"meta":2}],[{"id":98},{"id":98},{"id":44},{"id":30},{"id":144,"meta":1},{"id":98,"meta":2},0,{"id":98,"meta":3},{"id":98},{"id":98,"meta":2},{"id":144,"meta":1},{"id":30},{"id":98,"meta":2},0],[0,{"id":98},{"id":98},{"id":98},{"id":98,"meta":1},{"id":98,"meta":1},{"id":98},{"id":64},{"id":98},{"id":98,"meta":1},{"id":98},{"id":98,"meta":2},0,0],[0,0,0,0,0,{"id":98,"meta":2},{"id":98},0,0,{"id":98,"meta":2},0,0,0,0]],[[0,0,{"id":5},{"id":5},{"id":5},{"id":102},0,{"id":102},{"id":5},{"id":5},{"id":5},{"id":5},0,0],[0,{"id":5},{"id":170},0,{"id":85},{"id":144,"meta":1},{"id":55},{"id":140,"meta":1},{"id":85},0,{"id":170},0,{"id":5},0],[0,{"id":5},0,0,0,0,0,0,0,0,0,0,{"id":5},0],[0,{"id":5},{"id":159,"meta":9},0,0,0,0,0,0,0,0,0,{"id":5},0],[0,{"id":98,"meta":1},0,0,0,0,0,0,0,0,0,{"id":30},{"id":98,"meta":1},0],[{"id":98,"meta":1},0,0,0,0,0,0,0,0,0,0,0,0,{"id":98,"meta":1}],[{"id":98,"meta":2},{"id":85,"meta":2},0,0,0,0,0,0,0,0,0,0,0,{"id":98}],[{"id":98,"meta":1},{"id":30},0,0,0,0,0,0,0,0,0,0,{"id":85,"meta":2},{"id":98,"meta":1}],[{"id":98,"meta":2},{"id":170,"meta":8},0,{"id":30},0,0,0,0,0,0,0,0,{"id":30},{"id":98,"meta":2}],[{"id":98,"meta":1},0,0,0,0,0,0,0,0,0,0,0,0,{"id":98}],[{"id":98},0,0,0,0,0,0,0,0,0,0,0,0,{"id":98,"meta":1}],[{"id":98,"meta":1},0,0,0,0,0,0,0,0,0,0,0,0,{"id":98}],[{"id":98},{"id":98},0,0,0,{"id":98,"meta":2},0,{"id":53,"meta":3},0,{"id":98,"meta":2},0,0,{"id":98,"meta":1},0],[0,{"id":98},{"id":98},{"id":98},{"id":98},{"id":98,"meta":1},{"id":98},{"id":64,"meta":8},{"id":98,"meta":2},{"id":98},{"id":98,"meta":1},{"id":98},0,0],[0,0,0,0,0,{"id":98,"meta":2},{"id":53,"meta":1},0,0,{"id":98,"meta":2},0,0,0,0]],[[0,0,{"id":5},{"id":5},{"id":5},0,{"id":102},{"id":102},{"id":5},{"id":5},{"id":5},{"id":5},0,0],[0,{"id":5},0,0,{"id":85},0,0,{"id":30},{"id":85},0,0,0,{"id":5},0],[0,{"id":5},0,0,0,0,0,0,0,0,0,0,{"id":5},0],[0,{"id":5},{"id":144,"meta":1},0,0,0,0,0,0,0,0,0,{"id":5},0],[0,{"id":98,"meta":2},0,0,0,0,0,0,0,0,0,0,{"id":98,"meta":2},0],[{"id":98},0,0,0,0,0,0,0,0,0,0,0,0,{"id":98,"meta":1}],[{"id":98,"meta":2},0,0,0,0,0,0,0,0,0,0,0,{"id":85,"meta":2},{"id":98,"meta":2}],[{"id":98},{"id":85,"meta":2},0,0,0,0,0,0,0,0,0,0,0,{"id":98}],[{"id":98,"meta":1},0,0,0,0,0,0,0,0,0,0,0,0,{"id":98,"meta":1}],[{"id":98,"meta":2},0,0,0,0,0,0,0,0,0,0,0,0,{"id":98,"meta":2}],[{"id":98},0,0,0,0,0,0,0,0,0,0,0,0,{"id":98}],[{"id":98},0,0,0,0,0,0,0,0,0,0,0,{"id":30},{"id":98,"meta":1}],[{"id":98},{"id":98},{"id":65,"meta":3},0,0,{"id":158},{"id":98},0,0,{"id":53,"meta":3},0,0,{"id":98,"meta":2},0],[0,{"id":98},{"id":98},{"id":98,"meta":1},{"id":98},{"id":98,"meta":2},{"id":98,"meta":1},{"id":98},{"id":98,"meta":2},{"id":98},{"id":98,"meta":2},{"id":98,"meta":1},0,0],[0,0,0,0,0,{"id":53,"meta":2},0,0,{"id":98},{"id":53,"meta":3},0,0,0,0]],[[0,0,{"id":5},{"id":5},{"id":5},{"id":53,"meta":5},{"id":53,"meta":5},{"id":53,"meta":5},{"id":5},{"id":5},{"id":5},{"id":5},0,0],[0,{"id":5},0,0,{"id":85},{"id":85},{"id":85},{"id":85},{"id":85},0,{"id":30},0,{"id":5},0],[0,{"id":5},{"id":30},0,0,0,0,0,0,0,0,0,{"id":5},0],[0,{"id":5},0,0,0,0,0,0,0,0,0,0,{"id":5},0],[0,{"id":98,"meta":2},0,0,0,0,0,0,0,0,0,0,{"id":98,"meta":2},0],[{"id":98},{"id":30},0,0,0,0,0,0,0,0,0,0,{"id":30},{"id":98,"meta":2}],[{"id":98,"meta":2},{"id":85,"meta":2},0,0,0,0,0,0,0,0,0,0,0,{"id":98,"meta":1}],[{"id":98,"meta":1},0,0,0,0,0,0,0,0,0,0,0,{"id":85,"meta":2},{"id":98,"meta":2}],[{"id":98,"meta":2},0,0,0,0,0,0,0,0,0,0,0,0,{"id":98}],[{"id":98,"meta":1},0,0,0,0,0,0,0,0,0,0,0,{"id":30},{"id":98,"meta":1}],[{"id":98},0,0,0,0,0,0,0,0,0,0,0,0,{"id":98,"meta":2}],[{"id":98,"meta":2},0,0,0,0,0,0,0,0,0,0,0,0,{"id":98}],[{"id":98},{"id":98},{"id":65,"meta":3},0,0,0,{"id":53,"meta":2},0,0,0,0,0,{"id":98,"meta":1},0],[0,{"id":98},{"id":98,"meta":1},{"id":98,"meta":2},{"id":98,"meta":1},{"id":98},{"id":98,"meta":2},{"id":98,"meta":1},{"id":98},{"id":98,"meta":2},{"id":98,"meta":1},{"id":98,"meta":2},0,0],[0,0,0,0,0,0,{"id":30},{"id":98,"meta":3},{"id":53,"meta":3},0,0,0,0,0]],[[0,0,{"id":159,"meta":9},{"id":159,"meta":9},{"id":159,"meta":9},{"id":159,"meta":9},{"id":159,"meta":9},{"id":159,"meta":9},{"id":159,"meta":9},{"id":159,"meta":9},{"id":159,"meta":9},{"id":159,"meta":9},0,0],[0,{"id":159,"meta":9},0,0,0,0,0,0,0,0,0,0,{"id":159,"meta":9},0],[0,{"id":159,"meta":9},{"id":18,"meta":8},0,0,0,0,0,0,0,0,0,{"id":159,"meta":9},0],[0,{"id":159,"meta":9},0,0,0,0,0,0,0,0,0,0,{"id":159,"meta":9},0],[0,{"id":159,"meta":9},0,0,0,0,0,0,0,0,0,0,{"id":159,"meta":9},{"id":30}],[{"id":159,"meta":9},0,0,0,0,0,0,0,0,0,0,0,0,{"id":159,"meta":9}],[{"id":159,"meta":9},{"id":85,"meta":2},0,0,0,0,0,0,0,0,0,0,{"id":85,"meta":2},{"id":159,"meta":9}],[{"id":159,"meta":9},0,0,0,0,0,0,0,0,0,0,0,0,{"id":159,"meta":9}],[{"id":159,"meta":9},0,0,0,0,0,0,0,0,0,0,0,0,{"id":159,"meta":9}],[{"id":159,"meta":9},0,0,0,0,0,0,0,0,0,0,0,0,{"id":159,"meta":9}],[{"id":159,"meta":9},0,0,0,0,0,0,0,0,0,0,0,0,{"id":159,"meta":9}],[{"id":159,"meta":9},0,0,0,0,0,0,0,0,0,0,0,0,{"id":159,"meta":9}],[{"id":159,"meta":9},{"id":159,"meta":9},{"id":65,"meta":3},0,0,0,0,0,0,0,0,0,{"id":159,"meta":9},0],[0,{"id":159,"meta":9},{"id":159,"meta":9},{"id":159,"meta":9},{"id":159,"meta":9},{"id":159,"meta":9},{"id":159,"meta":9},{"id":159,"meta":9},{"id":159,"meta":9},{"id":159,"meta":9},{"id":159,"meta":9},{"id":159,"meta":9},{"id":18,"meta":8},0],[0,0,0,0,0,0,0,{"id":53,"meta":1},0,0,0,0,0,0]],[[0,0,{"id":18,"meta":8},{"id":18,"meta":8},{"id":44},{"id":44},{"id":44},{"id":44},{"id":44},{"id":44},{"id":44},{"id":44},0,0],[0,{"id":18,"meta":8},{"id":159,"meta":9},{"id":159,"meta":9},{"id":159,"meta":9},{"id":159,"meta":9},{"id":159,"meta":9},{"id":159,"meta":9},{"id":159,"meta":9},{"id":159,"meta":9},{"id":159,"meta":9},{"id":159,"meta":9},{"id":44},0],[0,{"id":30},{"id":18,"meta":8},0,0,0,0,0,0,0,{"id":159,"meta":9},{"id":159,"meta":9},{"id":44},0],[0,{"id":159,"meta":9},0,0,0,{"id":18,"meta":8},0,0,0,0,0,{"id":159,"meta":9},{"id":44},0],[0,{"id":159,"meta":9},0,0,0,0,0,0,0,0,0,{"id":159,"meta":9},{"id":44},0],[{"id":44},{"id":159,"meta":9},0,0,0,0,0,0,0,0,0,{"id":159,"meta":9},{"id":159,"meta":9},{"id":44}],[{"id":44},{"id":159,"meta":9},0,0,0,0,0,0,0,0,0,0,{"id":159,"meta":9},{"id":44}],[{"id":44},{"id":159,"meta":9},0,0,0,0,0,0,0,0,0,0,{"id":159,"meta":9},{"id":44}],[{"id":44},{"id":159,"meta":9},0,0,0,0,0,0,0,0,0,0,{"id":159,"meta":9},{"id":44}],[{"id":44},{"id":159,"meta":9},0,0,0,0,0,0,0,0,0,0,{"id":159,"meta":9},{"id":44}],[{"id":44},{"id":159,"meta":9},0,0,0,0,0,0,0,0,0,0,{"id":159,"meta":9},{"id":44}],[{"id":44},{"id":159,"meta":9},0,0,0,0,0,{"id":5},0,0,0,0,{"id":159,"meta":9},{"id":44}],[{"id":18,"meta":8},{"id":159,"meta":9},{"id":65,"meta":3},0,0,0,0,0,0,0,0,0,{"id":159,"meta":9},0],[0,{"id":30},{"id":159,"meta":9},{"id":159,"meta":9},{"id":159,"meta":9},{"id":159,"meta":9},{"id":159,"meta":9},{"id":159,"meta":9},{"id":159,"meta":9},{"id":159,"meta":9},{"id":159,"meta":9},{"id":159,"meta":9},{"id":18,"meta":8},0],[0,0,0,0,0,0,0,0,0,0,{"id":18,"meta":12},{"id":18,"meta":8},0,0]],[[0,0,0,0,0,0,0,0,0,0,0,0,0,0],[0,0,{"id":18,"meta":8},{"id":18,"meta":8},{"id":18,"meta":8},0,0,0,0,0,{"id":18,"meta":8},{"id":18,"meta":12},0,0],[0,0,{"id":18,"meta":8},0,{"id":159,"meta":9},{"id":159,"meta":9},{"id":159,"meta":9},{"id":159,"meta":9},{"id":159,"meta":9},{"id":159,"meta":9},{"id":18,"meta":8},{"id":18,"meta":12},0,0],[0,0,0,0,0,{"id":18,"meta":8},0,0,0,{"id":159,"meta":9},{"id":159,"meta":9},{"id":18,"meta":12},0,0],[0,{"id":18,"meta":8},{"id":159,"meta":9},0,0,0,0,0,0,0,{"id":159,"meta":9},0,0,0],[0,{"id":18,"meta":8},{"id":159,"meta":9},0,{"id":18,"meta":8},0,0,0,0,0,{"id":159,"meta":9},0,0,0],[0,{"id":18,"meta":8},{"id":159,"meta":9},0,0,0,0,0,0,0,0,{"id":159,"meta":9},0,0],[0,0,{"id":159,"meta":9},0,0,0,0,0,0,0,0,{"id":159,"meta":9},0,0],[0,0,{"id":159,"meta":9},0,0,0,0,0,0,0,0,{"id":159,"meta":9},{"id":18,"meta":8},0],[0,0,{"id":159,"meta":9},0,0,0,0,0,0,0,0,{"id":159,"meta":9},0,0],[0,0,{"id":159,"meta":9},0,0,0,0,{"id":65,"meta":4},0,0,0,{"id":159,"meta":9},{"id":30},0],[0,{"id":18,"meta":8},{"id":159,"meta":9},0,0,0,0,{"id":5},0,0,0,{"id":159,"meta":9},0,0],[0,{"id":18,"meta":8},{"id":65,"meta":5},{"id":159,"meta":9},0,0,0,{"id":156,"meta":7},0,0,{"id":159,"meta":9},{"id":159,"meta":9},{"id":18,"meta":8},0],[0,0,0,{"id":159,"meta":9},{"id":159,"meta":9},{"id":159,"meta":9},{"id":159,"meta":9},{"id":159,"meta":9},{"id":159,"meta":9},{"id":159,"meta":9},{"id":159,"meta":9},{"id":18,"meta":8},0,0],[0,0,0,0,0,0,0,0,0,{"id":18,"meta":12},{"id":18,"meta":12},0,0,0]],[[0,0,0,0,0,0,0,0,0,0,0,0,0,0],[0,0,0,0,0,0,0,0,0,0,0,0,0,0],[0,0,0,0,{"id":18,"meta":8},{"id":18,"meta":8},0,0,0,{"id":18,"meta":8},0,0,0,0],[0,0,0,0,0,{"id":18,"meta":8},{"id":159,"meta":9},{"id":159,"meta":9},{"id":159,"meta":9},{"id":18,"meta":8},{"id":18,"meta":8},0,0,0],[0,0,0,{"id":30},0,0,0,0,{"id":159,"meta":9},{"id":159,"meta":9},0,0,0,0],[0,0,{"id":18,"meta":8},{"id":159,"meta":9},{"id":18,"meta":8},0,0,0,0,{"id":159,"meta":9},0,0,0,0],[0,0,{"id":18,"meta":8},{"id":159,"meta":9},0,0,0,0,0,{"id":159,"meta":9},{"id":159,"meta":9},0,0,0],[0,0,{"id":18,"meta":8},{"id":159,"meta":9},0,0,0,0,0,0,{"id":159,"meta":9},{"id":18,"meta":8},0,0],[0,0,0,0,0,0,0,0,0,0,{"id":159,"meta":9},{"id":18,"meta":8},0,0],[0,0,{"id":55},0,0,0,0,0,0,0,{"id":159,"meta":9},{"id":18,"meta":8},0,0],[0,0,0,0,0,0,0,0,0,0,{"id":159,"meta":9},0,0,0],[0,0,0,{"id":159,"meta":9},{"id":159,"meta":9},0,0,{"id":5},0,{"id":159,"meta":9},{"id":159,"meta":9},0,0,0],[0,0,0,{"id":159,"meta":9},{"id":159,"meta":9},{"id":159,"meta":9},{"id":159,"meta":9},{"id":159,"meta":9},{"id":159,"meta":9},{"id":159,"meta":9},{"id":159,"meta":9},{"id":18,"meta":8},0,0],[0,0,0,0,0,0,0,0,0,{"id":18,"meta":8},{"id":30},0,0,0],[0,0,0,0,0,0,0,0,0,0,0,0,0,0]],[[0,0,0,0,0,0,0,0,0,0,0,0,0,0],[0,0,0,0,0,0,0,0,0,0,0,0,0,0],[0,0,0,0,0,0,0,0,0,0,0,0,0,0],[0,0,0,0,0,0,0,0,0,0,0,0,0,0],[0,0,0,0,0,{"id":30},{"id":159,"meta":9},{"id":159,"meta":9},{"id":170},0,0,0,0,0],[0,0,0,{"id":18,"meta":8},{"id":18,"meta":8},{"id":159,"meta":9},{"id":159,"meta":9},{"id":159,"meta":9},{"id":159,"meta":9},{"id":170},0,0,0,0],[0,0,0,{"id":18,"meta":8},{"id":159,"meta":9},{"id":159,"meta":9},{"id":159,"meta":9},{"id":159,"meta":9},{"id":159,"meta":9},{"id":30},0,0,0,0],[0,0,0,{"id":55},{"id":159,"meta":9},{"id":159,"meta":9},0,0,{"id":159,"meta":9},{"id":159,"meta":9},{"id":18,"meta":8},0,0,0],[0,0,0,0,{"id":159,"meta":9},{"id":159,"meta":9},0,0,{"id":159,"meta":9},{"id":159,"meta":9},{"id":18,"meta":8},0,0,0],[0,0,0,0,{"id":159,"meta":9},{"id":159,"meta":9},{"id":159,"meta":9},{"id":159,"meta":9},{"id":159,"meta":9},{"id":159,"meta":9},{"id":18,"meta":8},0,0,0],[0,0,0,0,0,{"id":159,"meta":9},{"id":159,"meta":9},{"id":65,"meta":4},{"id":159,"meta":9},{"id":159,"meta":9},{"id":18,"meta":8},0,0,0],[0,0,0,0,{"id":159,"meta":9},{"id":159,"meta":9},{"id":159,"meta":9},{"id":159,"meta":9},{"id":159,"meta":9},{"id":159,"meta":9},0,0,0,0],[0,0,0,0,0,0,0,0,0,0,0,0,0,0],[0,0,0,0,0,0,0,0,0,0,0,0,0,0],[0,0,0,0,0,0,0,0,0,0,0,0,0,0]],[[0,0,0,0,0,0,0,0,0,0,0,0,0,0],[0,0,0,0,0,0,0,0,0,0,0,0,0,0],[0,0,0,0,0,0,0,0,0,0,0,0,0,0],[0,0,0,0,0,0,0,0,0,0,0,0,0,0],[0,0,0,0,0,0,0,0,0,0,0,0,0,0],[0,0,0,0,0,0,{"id":5},{"id":5},{"id":170,"meta":4},0,0,0,0,0],[0,0,0,0,0,{"id":5},{"id":44},{"id":5},{"id":5},0,0,0,0,0],[0,0,0,0,{"id":5},{"id":5},0,{"id":44,"meta":8},{"id":5},{"id":5},0,0,0,0],[0,0,0,0,{"id":5},{"id":5},0,0,{"id":5},{"id":5},0,0,0,0],[0,0,0,0,{"id":55},0,0,0,{"id":5},{"id":5},0,0,0,0],[0,0,0,0,0,{"id":5},0,0,{"id":5},0,0,0,0,0],[0,0,0,0,0,{"id":30},{"id":5},{"id":5},0,0,0,0,0,0],[0,0,0,0,0,0,0,0,0,0,0,0,0,0],[0,0,0,0,0,0,0,0,0,0,0,0,0,0],[0,0,0,0,0,0,0,0,0,0,0,0,0,0]],[[0,0,0,0,0,0,0,0,0,0,0,0,0,0],[0,0,0,0,0,0,0,0,0,0,0,0,0,0],[0,0,0,0,0,0,0,0,0,0,0,0,0,0],[0,0,0,0,0,0,0,0,0,0,0,0,0,0],[0,0,0,0,0,0,0,0,0,0,0,0,0,0],[0,0,0,0,0,0,{"id":5},{"id":5},{"id":170},0,0,0,0,0],[0,0,0,0,0,{"id":5},0,{"id":44},{"id":5},0,0,0,0,0],[0,0,0,0,{"id":5},{"id":5},0,{"id":5},{"id":5},{"id":5},0,0,0,0],[0,0,0,0,{"id":5},{"id":5},0,0,{"id":5},{"id":5},0,0,0,0],[0,0,0,0,0,0,0,0,{"id":5},{"id":5},0,0,0,0],[0,0,0,0,0,{"id":5},0,0,{"id":5},0,0,0,0,0],[0,0,0,0,0,0,{"id":5},{"id":5},0,0,0,0,0,0],[0,0,0,0,0,0,0,0,0,0,0,0,0,0],[0,0,0,0,0,0,0,0,0,0,0,0,0,0],[0,0,0,0,0,0,0,0,0,0,0,0,0,0]],[[0,0,0,0,0,0,0,0,0,0,0,0,0,0],[0,0,0,0,0,0,0,0,0,0,0,0,0,0],[0,0,0,0,0,0,0,0,0,0,0,0,0,0],[0,0,0,0,0,0,0,0,0,0,0,0,0,0],[0,0,0,0,0,0,0,0,0,0,0,0,0,0],[0,0,0,0,0,0,{"id":5},{"id":5},0,0,0,0,0,0],[0,0,0,0,0,{"id":5},0,0,0,0,0,0,0,0],[0,0,0,0,{"id":5},{"id":5},0,{"id":44},{"id":5},{"id":5},0,0,0,0],[0,0,0,{"id":18,"meta":8},{"id":5},{"id":5},0,0,{"id":5},{"id":5},0,0,0,0],[0,0,0,0,{"id":5},{"id":5},0,{"id":44,"meta":8},{"id":5},{"id":5},0,0,0,0],[0,0,0,0,0,{"id":5},{"id":30},0,{"id":5},0,0,0,0,0],[0,0,0,0,0,0,{"id":5},{"id":5},0,0,0,0,0,0],[0,0,0,0,0,0,0,0,0,0,0,0,0,0],[0,0,0,0,0,0,0,0,0,0,0,0,0,0],[0,0,0,0,0,0,0,0,0,0,0,0,0,0]],[[0,0,0,0,0,0,0,0,0,0,0,0,0,0],[0,0,0,0,0,0,0,0,0,0,0,0,0,0],[0,0,0,0,0,0,0,0,0,0,0,0,0,0],[0,0,0,0,0,0,0,0,0,0,0,0,0,0],[0,0,0,0,0,0,0,0,0,0,0,0,0,0],[0,0,0,0,0,0,{"id":5},{"id":5},{"id":18,"meta":8},0,0,0,0,0],[0,0,0,0,0,{"id":5},0,0,{"id":5},0,0,0,0,0],[0,0,0,0,{"id":18,"meta":8},{"id":5},0,0,{"id":5},{"id":18,"meta":8},0,0,0,0],[0,0,0,{"id":18,"meta":8},{"id":5},{"id":5},{"id":65,"meta":3},0,{"id":5},{"id":5},0,0,0,0],[0,0,0,0,{"id":18,"meta":8},{"id":5},0,{"id":5},{"id":5},0,0,0,0,0],[0,0,0,0,{"id":18,"meta":8},{"id":5},0,{"id":44,"meta":8},0,0,0,0,0,0],[0,0,0,0,0,0,{"id":5},0,0,0,0,0,0,0],[0,0,0,0,0,0,0,0,0,0,0,0,0,0],[0,0,0,0,0,0,0,0,0,0,0,0,0,0],[0,0,0,0,0,0,0,0,0,0,0,0,0,0]],[[0,0,0,0,0,0,0,0,0,0,0,0,0,0],[0,0,0,0,0,0,0,0,0,0,0,0,0,0],[0,0,0,0,0,0,0,0,0,0,0,0,0,0],[0,0,0,0,0,0,0,0,0,0,0,0,0,0],[0,0,0,0,0,0,0,0,0,0,0,0,0,0],[0,0,0,0,0,0,0,{"id":18,"meta":8},0,0,0,0,0,0],[0,0,0,0,0,0,{"id":5},0,{"id":18,"meta":8},0,0,0,0,0],[0,0,0,0,{"id":18,"meta":8},{"id":5},0,0,{"id":5},{"id":18,"meta":8},0,0,0,0],[0,0,0,{"id":18,"meta":8},{"id":5},{"id":5},{"id":65,"meta":3},0,{"id":5},{"id":5},0,0,0,0],[0,0,0,0,{"id":18,"meta":8},{"id":5},{"id":5},0,{"id":5},0,0,0,0,0],[0,0,0,0,0,{"id":18,"meta":8},{"id":5},{"id":5},0,0,0,0,0,0],[0,0,0,0,0,0,0,0,0,0,0,0,0,0],[0,0,0,0,0,0,0,0,0,0,0,0,0,0],[0,0,0,0,0,0,0,0,0,0,0,0,0,0],[0,0,0,0,0,0,0,0,0,0,0,0,0,0]],[[0,0,0,0,0,0,0,0,0,0,0,0,0,0],[0,0,0,0,0,0,0,0,0,0,0,0,0,0],[0,0,0,0,0,0,0,0,0,0,0,0,0,0],[0,0,0,0,0,0,0,0,0,0,0,0,0,0],[0,0,0,0,0,0,0,0,0,0,0,0,0,0],[0,0,0,0,0,0,0,{"id":18,"meta":8},0,0,0,0,0,0],[0,0,0,0,0,0,{"id":5},{"id":5},{"id":18,"meta":8},0,0,0,0,0],[0,0,0,0,0,{"id":5},0,0,{"id":5},{"id":18,"meta":8},0,0,0,0],[0,0,0,0,{"id":18,"meta":8},{"id":5},{"id":65,"meta":3},0,{"id":5},{"id":18,"meta":8},0,0,0,0],[0,0,0,0,0,{"id":5},0,{"id":30},{"id":5},0,0,0,0,0],[0,0,0,0,0,0,{"id":5},{"id":5},0,0,0,0,0,0],[0,0,0,0,0,0,0,{"id":18,"meta":8},0,0,0,0,0,0],[0,0,0,0,0,0,0,0,0,0,0,0,0,0],[0,0,0,0,0,0,0,0,0,0,0,0,0,0],[0,0,0,0,0,0,0,0,0,0,0,0,0,0]],[[0,0,0,0,0,0,0,0,0,0,0,0,0,0],[0,0,0,0,0,0,0,0,0,0,0,0,0,0],[0,0,0,0,0,0,0,0,0,0,0,0,0,0],[0,0,0,0,0,0,0,0,0,0,0,0,0,0],[0,0,0,0,0,0,0,0,0,0,0,0,0,0],[0,0,0,0,0,0,0,0,0,0,0,0,0,0],[0,0,0,0,0,0,0,{"id":18,"meta":8},0,0,0,0,0,0],[0,0,0,0,0,0,{"id":5},0,{"id":18,"meta":8},0,0,0,0,0],[0,0,0,0,0,{"id":5},{"id":65,"meta":3},0,{"id":5},0,0,0,0,0],[0,0,0,0,0,0,{"id":5},{"id":5},0,0,0,0,0,0],[0,0,0,0,0,0,{"id":18,"meta":8},{"id":18,"meta":8},0,0,0,0,0,0],[0,0,0,0,0,0,0,0,0,0,0,0,0,0],[0,0,0,0,0,0,0,0,0,0,0,0,0,0],[0,0,0,0,0,0,0,0,0,0,0,0,0,0],[0,0,0,0,0,0,0,0,0,0,0,0,0,0]],[[0,0,0,0,0,0,0,0,0,0,0,0,0,0],[0,0,0,0,0,0,0,0,0,0,0,0,0,0],[0,0,0,0,0,0,0,0,0,0,0,0,0,0],[0,0,0,0,0,0,0,0,0,0,0,0,0,0],[0,0,0,0,0,0,0,0,0,0,0,0,0,0],[0,0,0,0,0,0,0,0,0,0,0,0,0,0],[0,0,0,0,0,0,0,0,0,0,0,0,0,0],[0,0,0,0,0,0,{"id":5},{"id":5},0,0,0,0,0,0],[0,0,0,0,0,{"id":5},{"id":65,"meta":3},0,{"id":5},0,0,0,0,0],[0,0,0,0,0,0,{"id":5},{"id":5},0,0,0,0,0,0],[0,0,0,0,0,0,{"id":18,"meta":8},0,0,0,0,0,0,0],[0,0,0,0,0,0,0,0,0,0,0,0,0,0],[0,0,0,0,0,0,0,0,0,0,0,0,0,0],[0,0,0,0,0,0,0,0,0,0,0,0,0,0],[0,0,0,0,0,0,0,0,0,0,0,0,0,0]],[[0,0,0,0,0,0,0,0,0,0,0,0,0,0],[0,0,0,0,0,0,0,0,0,0,0,0,0,0],[0,0,0,0,0,0,0,0,0,0,0,0,0,0],[0,0,0,0,0,0,0,0,0,0,0,0,0,0],[0,0,0,0,0,0,0,0,0,0,0,0,0,0],[0,0,0,0,0,0,0,0,0,0,0,0,0,0],[0,0,0,0,0,0,{"id":44,"meta":8},{"id":44,"meta":8},0,0,0,0,0,0],[0,0,0,0,0,{"id":44,"meta":8},{"id":5},{"id":5},{"id":44,"meta":8},0,0,0,0,0],[0,0,0,0,{"id":44,"meta":8},{"id":5},{"id":65,"meta":3},0,{"id":5},{"id":44,"meta":8},0,0,0,0],[0,0,0,0,0,{"id":44,"meta":8},{"id":5},{"id":5},{"id":44,"meta":8},0,0,0,0,0],[0,0,0,0,0,0,{"id":44,"meta":8},{"id":44,"meta":8},0,0,0,0,0,0],[0,0,0,0,0,0,0,0,0,0,0,0,0,0],[0,0,0,0,0,0,0,0,0,0,0,0,0,0],[0,0,0,0,0,0,0,0,0,0,0,0,0,0],[0,0,0,0,0,0,0,0,0,0,0,0,0,0]],[[0,0,0,0,0,0,0,0,0,0,0,0,0,0],[0,0,0,0,0,0,0,0,0,0,0,0,0,0],[0,0,0,0,0,0,0,0,0,0,0,0,0,0],[0,0,0,0,0,0,0,0,0,0,0,0,0,0],[0,0,0,0,0,0,0,0,0,0,0,0,0,0],[0,0,0,0,0,0,0,0,0,0,0,0,0,0],[0,0,0,0,0,0,0,0,0,0,0,0,0,0],[0,0,0,0,0,{"id":85},0,0,{"id":85},0,0,0,0,0],[0,0,0,0,0,0,0,0,0,0,0,0,0,0],[0,0,0,0,0,{"id":85},0,0,{"id":85},0,0,0,0,0],[0,0,0,0,0,0,0,0,0,0,0,0,0,0],[0,0,0,0,0,0,0,0,0,0,0,0,0,0],[0,0,0,0,0,0,0,0,0,0,0,0,0,0],[0,0,0,0,0,0,0,0,0,0,0,0,0,0],[0,0,0,0,0,0,0,0,0,0,0,0,0,0]],[[0,0,0,0,0,0,0,0,0,0,0,0,0,0],[0,0,0,0,0,0,0,0,0,0,0,0,0,0],[0,0,0,0,0,0,0,0,0,0,0,0,0,0],[0,0,0,0,0,0,0,0,0,0,0,0,0,0],[0,0,0,0,0,0,0,0,0,0,0,0,0,0],[0,0,0,0,0,0,0,0,0,0,0,0,0,0],[0,0,0,0,0,0,0,0,0,0,0,0,0,0],[0,0,0,0,0,{"id":85},0,0,{"id":85},0,0,0,0,0],[0,0,0,0,0,0,0,0,0,0,0,0,0,0],[0,0,0,0,0,{"id":85},0,0,{"id":85},0,0,0,0,0],[0,0,0,0,0,0,0,0,0,0,0,0,0,0],[0,0,0,0,0,0,0,0,0,0,0,0,0,0],[0,0,0,0,0,0,0,0,0,0,0,0,0,0],[0,0,0,0,0,0,0,0,0,0,0,0,0,0],[0,0,0,0,0,0,0,0,0,0,0,0,0,0]],[[0,0,0,0,0,0,0,0,0,0,0,0,0,0],[0,0,0,0,0,0,0,0,0,0,0,0,0,0],[0,0,0,0,0,0,0,0,0,0,0,0,0,0],[0,0,0,0,0,0,0,0,0,0,0,0,0,0],[0,0,0,0,0,0,0,0,0,0,0,0,0,0],[0,0,0,0,0,0,0,0,0,0,0,0,0,0],[0,0,0,0,0,0,0,0,0,0,0,0,0,0],[0,0,0,0,0,{"id":44},{"id":44},{"id":44},0,0,0,0,0,0],[0,0,0,0,{"id":44},{"id":44},{"id":43},0,{"id":44},{"id":44},0,0,0,0],[0,0,0,0,0,{"id":44},{"id":44},{"id":44},{"id":44},0,0,0,0,0],[0,0,0,0,0,0,0,0,0,0,0,0,0,0],[0,0,0,0,0,0,0,0,0,0,0,0,0,0],[0,0,0,0,0,0,0,0,0,0,0,0,0,0],[0,0,0,0,0,0,0,0,0,0,0,0,0,0],[0,0,0,0,0,0,0,0,0,0,0,0,0,0]],[[0,0,0,0,0,0,0,0,0,0,0,0,0,0],[0,0,0,0,0,0,0,0,0,0,0,0,0,0],[0,0,0,0,0,0,0,0,0,0,0,0,0,0],[0,0,0,0,0,0,0,0,0,0,0,0,0,0],[0,0,0,0,0,0,0,0,0,0,0,0,0,0],[0,0,0,0,0,0,0,0,0,0,0,0,0,0],[0,0,0,0,0,0,0,0,0,0,0,0,0,0],[0,0,0,0,0,{"id":30},0,0,0,0,0,0,0,0],[0,0,0,0,0,0,{"id":54,"meta":3},0,0,0,0,0,0,0],[0,0,0,0,0,0,0,0,0,0,0,0,0,0],[0,0,0,0,0,0,0,0,0,0,0,0,0,0],[0,0,0,0,0,0,0,0,0,0,0,0,0,0],[0,0,0,0,0,0,0,0,0,0,0,0,0,0],[0,0,0,0,0,0,0,0,0,0,0,0,0,0],[0,0,0,0,0,0,0,0,0,0,0,0,0,0]],[[0,0,0,0,0,0,0,0,0,0,0,0,0,0],[0,0,0,0,0,0,0,0,0,0,0,0,0,0],[0,0,0,0,0,0,0,0,0,0,0,0,0,0],[0,0,0,0,0,0,0,0,0,0,0,0,0,0],[0,0,0,0,0,0,0,0,0,0,0,0,0,0],[0,0,0,0,0,0,0,0,0,0,0,0,0,0],[0,0,0,0,0,0,0,0,0,0,0,0,0,0],[0,0,0,0,0,0,0,0,0,0,0,0,0,0],[0,0,0,0,0,0,0,0,0,0,0,0,0,0],[0,0,0,0,0,0,0,0,0,0,0,0,0,0],[0,0,0,0,0,0,0,0,0,0,0,0,0,0],[0,0,0,0,0,0,0,0,0,0,0,0,0,0],[0,0,0,0,0,0,0,0,0,0,0,0,0,0],[0,0,0,0,0,0,0,0,0,0,0,0,0,0],[0,0,0,0,0,0,0,0,0,0,0,0,0,0]]]
}