[[[{"id":155},0,0,0,0,{"id":44,"meta":6},{"id":44,"meta":6},0,0,0,0,{"id":155}],[0,0,0,0,{"id":155},{"id":155},{"id":155},{"id":155},0,0,0,0],[0,0,0,{"id":44,"meta":6},{"id":155},{"id":155,"meta":1},{"id":155,"meta":1},{"id":155},{"id":44,"meta":6},0,0,0],[0,0,{"id":44,"meta":6},{"id":44,"meta":6},{"id":155},{"id":155,"meta":1},{"id":155,"meta":1},{"id":155},{"id":44,"meta":6},{"id":44,"meta":6},0,0],[0,{"id":155},{"id":155},{"id":155},{"id":155},{"id":155,"meta":1},{"id":155,"meta":1},{"id":155},{"id":155},{"id":155},{"id":155},0],[{"id":44,"meta":6},{"id":155},{"id":155,"meta":1},{"id":155,"meta":1},{"id":155,"meta":1},{"id":9},{"id":9},{"id":155,"meta":1},{"id":155,"meta":1},{"id":155,"meta":1},{"id":155},{"id":44,"meta":6}],[{"id":44,"meta":6},{"id":155},{"id":155,"meta":1},{"id":155,"meta":1},{"id":155,"meta":1},{"id":9},{"id":9},{"id":155,"meta":1},{"id":155,"meta":1},{"id":155,"meta":1},{"id":155},{"id":44,"meta":6}],[0,{"id":155},{"id":155},{"id":155},{"id":155},{"id":155,"meta":1},{"id":155,"meta":1},{"id":155},{"id":155},{"id":155},{"id":155},0],[0,0,{"id":44,"meta":6},{"id":44,"meta":6},{"id":155},{"id":155,"meta":1},{"id":155,"meta":1},{"id":155},{"id":44,"meta":6},{"id":44,"meta":6},0,0],[0,0,0,{"id":44,"meta":6},{"id":155},{"id":155,"meta":1},{"id":155,"meta":1},{"id":155},{"id":44,"meta":6},0,0,0],[0,0,0,0,{"id":155},{"id":155},{"id":155},{"id":155},0,0,0,0],[{"id":155},0,0,0,0,{"id":44,"meta":6},{"id":44,"meta":6},0,0,0,0,0]],[[{"id":155},0,0,0,0,0,0,0,0,0,0,{"id":155}],[0,0,0,0,{"id":155,"meta":2},0,0,{"id":155,"meta":2},0,0,0,0],[0,0,0,0,0,0,0,0,0,0,0,0],[0,0,0,0,0,0,0,0,0,0,0,0],[0,{"id":155,"meta":2},0,0,{"id":155,"meta":2},0,0,{"id":155,"meta":2},0,0,{"id":155,"meta":2},0],[0,0,0,0,0,0,0,0,0,0,0,0],[0,0,0,0,0,0,0,0,0,0,0,0],[0,{"id":155,"meta":2},0,0,{"id":155,"meta":2},0,0,{"id":155,"meta":2},0,0,{"id":155,"meta":2},0],[0,0,0,0,0,0,0,0,0,0,0,0],[0,0,0,0,0,0,0,0,0,0,0,0],[0,0,0,0,{"id":155,"meta":2},0,0,{"id":155,"meta":2},0,0,0,0],[{"id":155},0,0,0,0,0,0,0,0,0,0,0]],[[0,0,0,0,0,0,0,0,0,0,0,0],[0,0,0,0,{"id":155,"meta":2},0,0,{"id":155,"meta":2},0,0,0,0],[0,0,0,0,0,0,0,0,0,0,0,0],[0,0,0,0,0,0,0,0,0,0,0,0],[0,{"id":155,"meta":2},0,0,{"id":155,"meta":2},0,0,{"id":155,"meta":2},0,0,0,0],[0,0,0,0,0,0,0,0,0,0,0,0],[0,0,0,0,0,0,0,0,0,0,0,0],[0,{"id":155,"meta":2},0,0,{"id":155,"meta":2},0,0,{"id":155,"meta":2},0,0,{"id":155,"meta":2},0],[0,0,0,0,0,0,0,0,0,0,0,0],[0,0,0,0,0,0,0,0,0,0,0,0],[0,0,0,0,{"id":155,"meta":2},0,0,{"id":155,"meta":2},0,0,0,0],[0,0,0,0,0,0,0,0,0,0,0,0]],[[0,0,0,0,0,0,0,0,0,0,0,0],[0,0,0,0,{"id":155,"meta":2},0,0,{"id":155,"meta":2},0,0,0,0],[0,0,0,0,0,0,0,0,0,0,0,0],[0,0,0,0,0,0,0,0,0,0,0,0],[0,0,0,0,{"id":155,"meta":2},0,0,{"id":155,"meta":2},0,0,0,0],[0,0,0,0,0,0,0,0,0,0,0,0],[0,0,0,0,0,0,0,0,0,0,0,0],[0,0,0,0,{"id":155,"meta":2},0,0,{"id":155,"meta":2},0,0,{"id":155,"meta":2},0],[0,0,0,0,0,0,0,0,0,0,0,0],[0,0,0,0,0,0,0,0,0,0,0,0],[0,0,0,0,{"id":155,"meta":2},0,0,{"id":155,"meta":2},0,0,0,0],[0,0,0,0,0,0,0,0,0,0,0,0]],[[0,0,0,0,0,0,0,0,0,0,0,0],[0,0,0,0,{"id":156},0,0,0,0,0,0,0],[0,0,0,0,{"id":43,"meta":6},0,0,0,0,0,0,0],[0,0,0,0,{"id":44,"meta":14},0,0,0,0,0,0,0],[0,0,{"id":43,"meta":6},{"id":44,"meta":14},{"id":155,"meta":2},{"id":44,"meta":14},{"id":44,"meta":14},{"id":155,"meta":2},{"id":44,"meta":14},{"id":43,"meta":6},0,0],[0,0,0,0,{"id":44,"meta":14},{"id":44,"meta":14},{"id":44,"meta":14},{"id":44,"meta":14},0,0,0,0],[0,0,0,0,{"id":44,"meta":14},{"id":44,"meta":14},{"id":44,"meta":14},{"id":44,"meta":14},0,0,0,0],[0,0,0,{"id":44,"meta":14},0,{"id":44,"meta":14},{"id":44,"meta":14},{"id":155,"meta":2},{"id":44,"meta":14},{"id":43,"meta":6},{"id":156,"meta":3},0],[0,0,0,0,{"id":44,"meta":14},0,0,{"id":44,"meta":14},0,0,0,0],[0,0,0,{"id":44,"meta":14},{"id":43,"meta":6},0,0,{"id":43,"meta":6},0,0,0,0],[0,0,0,0,0,0,0,{"id":156,"meta":1},0,0,0,0],[0,0,0,0,0,0,0,0,0,0,0,0]],[[0,0,0,0,0,0,0,0,0,0,0,0],[0,0,0,0,0,0,0,0,0,0,0,0],[0,0,0,0,{"id":44,"meta":6},0,0,0,0,0,0,0],[0,0,0,0,{"id":156},0,0,0,0,0,0,0],[0,0,{"id":44,"meta":6},{"id":156,"meta":2},{"id":155,"meta":2},{"id":156},{"id":156},{"id":155,"meta":2},{"id":156,"meta":3},0,0,0],[0,0,0,0,{"id":156,"meta":2},{"id":41},{"id":41},{"id":156,"meta":3},0,0,0,0],[0,0,0,0,{"id":156,"meta":2},{"id":41},{"id":41},{"id":156,"meta":3},0,0,0,0],[0,0,0,0,0,{"id":156,"meta":3},{"id":156,"meta":1},{"id":155,"meta":2},{"id":156,"meta":3},{"id":44,"meta":6},0,0],[0,0,0,0,0,0,0,{"id":156,"meta":1},0,0,0,0],[0,0,0,0,{"id":44,"meta":6},0,0,{"id":44,"meta":6},0,0,0,0],[0,0,0,0,0,0,0,0,0,0,0,0],[0,0,0,0,0,0,0,0,0,0,0,0]],[[0,0,0,0,0,0,0,0,0,0,0,0],[0,0,0,0,0,0,0,0,0,0,0,0],[0,0,0,0,0,0,0,0,0,0,0,0],[0,0,0,0,0,0,0,0,0,0,0,0],[0,0,0,0,{"id":44,"meta":6},{"id":156,"meta":4},{"id":156,"meta":4},{"id":155,"meta":2},0,0,0,0],[0,0,0,0,{"id":43,"meta":6},{"id":41},{"id":41},{"id":156,"meta":7},0,0,0,0],[0,0,0,0,{"id":156,"meta":6},{"id":41},{"id":41},{"id":156,"meta":7},0,0,0,0],[0,0,0,0,0,{"id":156,"meta":5},{"id":156,"meta":5},{"id":155,"meta":2},0,0,0,0],[0,0,0,0,0,0,0,0,0,0,0,0],[0,0,0,0,0,0,0,0,0,0,0,0],[0,0,0,0,0,0,0,0,0,0,0,0],[0,0,0,0,0,0,0,0,0,0,0,0]],[[0,0,0,0,0,0,0,0,0,0,0,0],[0,0,0,0,0,0,0,0,0,0,0,0],[0,0,0,0,0,0,0,0,0,0,0,0],[0,0,0,0,0,0,0,0,0,0,0,0],[0,0,0,0,{"id":44,"meta":6},{"id":44,"meta":6},{"id":44,"meta":6},{"id":44,"meta":6},0,0,0,0],[0,0,0,0,{"id":44,"meta":6},{"id":155},{"id":155},{"id":44,"meta":6},0,0,0,0],[0,0,0,0,0,{"id":155},{"id":155},{"id":44,"meta":6},0,0,0,0],[0,0,0,0,0,{"id":44,"meta":6},{"id":44,"meta":6},{"id":44,"meta":6},0,0,0,0],[0,0,0,0,0,0,0,0,0,0,0,0],[0,0,0,0,0,0,0,0,0,0,0,0],[0,0,0,0,0,0,0,0,0,0,0,0],[0,0,0,0,0,0,0,0,0,0,0,0]],[[0,0,0,0,0,0,0,0,0,0,0,0],[0,0,0,0,0,0,0,0,0,0,0,0],[0,0,0,0,0,0,0,0,0,0,0,0],[0,0,0,0,0,0,0,0,0,0,0,0],[0,0,0,0,0,0,0,0,0,0,0,0],[0,0,0,0,0,0,0,0,0,0,0,0],[0,0,0,0,0,0,0,0,0,0,0,0],[0,0,0,0,0,0,0,0,0,0,0,0],[0,0,0,0,0,0,0,0,0,0,0,0],[0,0,0,0,0,0,0,0,0,0,0,0],[0,0,0,0,0,0,0,0,0,0,0,0],[0,0,0,0,0,0,0,0,0,0,0,0]]]