{
    "loot": [
    {
            "id": 3,
            "meta": 0,
            "rarity": 0.65,
            "count": {
                "min": 1,
                "max": 9
            }
        },
    {
            "id": 31,
            "meta": 0,
            "rarity": 0.69,
            "count": {
                "min": 1,
                "max": 6
            }
        },
    {
            "id": 32,
            "meta": 0,
            "rarity": 0.7,
            "count": {
                "min": 1,
                "max": 9
            }
        },
    {
            "id": 295,
            "meta": 0,
            "rarity": 0.56,
            "count": {
                "min": 1,
                "max": 17
            }
        },
    {
            "id": 339,
            "meta": 0,
            "rarity": 0.45,
            "count": {
                "min": 1,
                "max": 23
            }
        },
    {
            "id": 340,
            "meta": 0,
            "rarity": 0.33,
            "count": {
                "min": 1,
                "max": 7
            }
        },
  {
            "id": 260,
            "meta": 0,
            "rarity": 0.14,
            "count": {
                "min": 1,
                "max": 3
            }
        },
  {
            "id": 270,
            "meta": 0,
            "rarity": 0.09,
            "count": {
                "min": 1,
                "max": 1
            }
        },
  {
            "id": 280,
            "meta": 0,
            "rarity": 0.23,
            "count": {
                "min": 1,
                "max": 2
            }
        },
  {
            "id": 339,
            "meta": 0,
            "rarity": 1,
            "count": {
                "min": 1,
                "max": 2
            }
        },
  {
            "id": 281,
            "meta": 0,
            "rarity": 0.95,
            "count": {
                "min": 1,
                "max": 1
            }
        },
  {
            "id": 297,
            "meta": 0,
            "rarity": 0.56,
            "count": {
                "min": 1,
                "max": 1
            }
        }
    ],
    "blocks":[[[{"id":3,"meta":0},{"id":3,"meta":0},{"id":3,"meta":0},{"id":3,"meta":0},{"id":3,"meta":0},{"id":3,"meta":0},{"id":3,"meta":0},{"id":3,"meta":0},{"id":3,"meta":0},{"id":3,"meta":0},{"id":3,"meta":0},{"id":3,"meta":0},{"id":3,"meta":0},{"id":3,"meta":0},{"id":3,"meta":0},{"id":3,"meta":0}],[{"id":3,"meta":0},{"id":24,"meta":0},{"id":24,"meta":0},{"id":24,"meta":0},{"id":24,"meta":0},{"id":24,"meta":0},{"id":24,"meta":1},{"id":24,"meta":0},{"id":24,"meta":0},{"id":24,"meta":0},{"id":24,"meta":0},{"id":24,"meta":0},{"id":24,"meta":0},{"id":24,"meta":1},{"id":24,"meta":0},{"id":3,"meta":0}],[{"id":3,"meta":0},{"id":24,"meta":0},{"id":24,"meta":0},{"id":24,"meta":1},{"id":24,"meta":0},{"id":24,"meta":0},{"id":24,"meta":0},{"id":24,"meta":0},{"id":24,"meta":0},{"id":24,"meta":0},{"id":24,"meta":0},{"id":24,"meta":0},{"id":24,"meta":0},{"id":24,"meta":0},{"id":24,"meta":0},{"id":3,"meta":0}],[{"id":3,"meta":0},{"id":24,"meta":0},{"id":24,"meta":0},{"id":24,"meta":0},{"id":24,"meta":0},{"id":24,"meta":0},{"id":24,"meta":0},{"id":12,"meta":0},{"id":24,"meta":1},{"id":24,"meta":0},{"id":24,"meta":0},{"id":24,"meta":0},{"id":24,"meta":1},{"id":24,"meta":0},{"id":24,"meta":0},{"id":3,"meta":0}],[{"id":3,"meta":0},{"id":24,"meta":0},{"id":24,"meta":0},{"id":24,"meta":0},{"id":24,"meta":0},{"id":24,"meta":0},{"id":12,"meta":0},{"id":12,"meta":0},{"id":12,"meta":0},{"id":12,"meta":0},{"id":24,"meta":0},{"id":24,"meta":0},{"id":24,"meta":0},{"id":24,"meta":0},{"id":24,"meta":0},{"id":3,"meta":0}],[{"id":3,"meta":0},{"id":24,"meta":0},{"id":24,"meta":0},{"id":24,"meta":0},{"id":24,"meta":1},{"id":12,"meta":0},{"id":12,"meta":0},{"id":12,"meta":0},{"id":12,"meta":0},{"id":12,"meta":0},{"id":12,"meta":0},{"id":24,"meta":0},{"id":24,"meta":0},{"id":24,"meta":0},{"id":24,"meta":0},{"id":3,"meta":0}],[{"id":3,"meta":0},{"id":24,"meta":0},{"id":24,"meta":0},{"id":24,"meta":0},{"id":24,"meta":0},{"id":12,"meta":0},{"id":12,"meta":0},{"id":12,"meta":0},{"id":12,"meta":0},{"id":12,"meta":0},{"id":12,"meta":0},{"id":12,"meta":0},{"id":24,"meta":0},{"id":24,"meta":0},{"id":24,"meta":1},{"id":3,"meta":0}],[{"id":3,"meta":0},{"id":24,"meta":0},{"id":24,"meta":1},{"id":24,"meta":0},{"id":12,"meta":0},{"id":12,"meta":0},{"id":12,"meta":0},{"id":12,"meta":0},{"id":12,"meta":0},{"id":12,"meta":0},{"id":12,"meta":0},{"id":12,"meta":0},{"id":12,"meta":0},{"id":24,"meta":0},{"id":24,"meta":0},{"id":3,"meta":0}],[{"id":3,"meta":0},{"id":24,"meta":0},{"id":24,"meta":0},{"id":24,"meta":0},{"id":12,"meta":0},{"id":12,"meta":0},{"id":12,"meta":0},{"id":12,"meta":0},{"id":12,"meta":0},{"id":12,"meta":0},{"id":12,"meta":0},{"id":12,"meta":0},{"id":12,"meta":0},{"id":12,"meta":0},{"id":24,"meta":0},{"id":3,"meta":0}],[{"id":3,"meta":0},{"id":24,"meta":0},{"id":24,"meta":0},{"id":24,"meta":0},{"id":24,"meta":0},{"id":12,"meta":0},{"id":12,"meta":0},{"id":12,"meta":0},{"id":12,"meta":0},{"id":12,"meta":0},{"id":12,"meta":0},{"id":12,"meta":0},{"id":12,"meta":0},{"id":12,"meta":0},{"id":24,"meta":0},{"id":3,"meta":0}],[{"id":3,"meta":0},{"id":24,"meta":0},{"id":24,"meta":0},{"id":24,"meta":0},{"id":24,"meta":0},{"id":24,"meta":0},{"id":12,"meta":0},{"id":12,"meta":0},{"id":12,"meta":0},{"id":12,"meta":0},{"id":12,"meta":0},{"id":12,"meta":0},{"id":12,"meta":0},{"id":24,"meta":0},{"id":24,"meta":0},{"id":3,"meta":0}],[{"id":3,"meta":0},{"id":24,"meta":0},{"id":24,"meta":0},{"id":24,"meta":0},{"id":24,"meta":0},{"id":24,"meta":0},{"id":24,"meta":0},{"id":12,"meta":0},{"id":12,"meta":0},{"id":12,"meta":0},{"id":12,"meta":0},{"id":12,"meta":0},{"id":24,"meta":0},{"id":24,"meta":0},{"id":24,"meta":0},{"id":3,"meta":0}],[{"id":3,"meta":0},{"id":24,"meta":1},{"id":24,"meta":0},{"id":24,"meta":0},{"id":24,"meta":0},{"id":24,"meta":0},{"id":24,"meta":1},{"id":24,"meta":0},{"id":12,"meta":0},{"id":12,"meta":0},{"id":12,"meta":0},{"id":24,"meta":0},{"id":24,"meta":0},{"id":24,"meta":0},{"id":24,"meta":0},{"id":3,"meta":0}],[{"id":3,"meta":0},{"id":24,"meta":0},{"id":24,"meta":0},{"id":24,"meta":0},{"id":24,"meta":0},{"id":24,"meta":0},{"id":24,"meta":0},{"id":24,"meta":0},{"id":24,"meta":0},{"id":24,"meta":0},{"id":24,"meta":0},{"id":24,"meta":0},{"id":24,"meta":0},{"id":24,"meta":0},{"id":24,"meta":0},{"id":3,"meta":0}],[{"id":3,"meta":0},{"id":24,"meta":0},{"id":24,"meta":0},{"id":24,"meta":0},{"id":24,"meta":0},{"id":24,"meta":0},{"id":24,"meta":0},{"id":24,"meta":0},{"id":24,"meta":0},{"id":24,"meta":0},{"id":24,"meta":1},{"id":24,"meta":0},{"id":24,"meta":0},{"id":24,"meta":0},{"id":24,"meta":0},{"id":3,"meta":0}],[{"id":3,"meta":0},{"id":3,"meta":0},{"id":3,"meta":0},{"id":3,"meta":0},{"id":3,"meta":0},{"id":3,"meta":0},{"id":3,"meta":0},{"id":3,"meta":0},{"id":3,"meta":0},{"id":3,"meta":0},{"id":3,"meta":0},{"id":3,"meta":0},{"id":3,"meta":0},{"id":3,"meta":0},{"id":3,"meta":0},{"id":3,"meta":0}]],[[{"id":3,"meta":0},{"id":3,"meta":0},{"id":3,"meta":0},{"id":3,"meta":0},{"id":3,"meta":0},{"id":3,"meta":0},{"id":3,"meta":0},{"id":3,"meta":0},{"id":3,"meta":0},{"id":3,"meta":0},{"id":3,"meta":0},{"id":3,"meta":0},{"id":3,"meta":0},{"id":3,"meta":0},{"id":3,"meta":0},{"id":3,"meta":0}],[{"id":3,"meta":0},{"id":12,"meta":0},{"id":12,"meta":0},{"id":12,"meta":0},{"id":24,"meta":1},{"id":24,"meta":1},{"id":12,"meta":0},{"id":24,"meta":0},{"id":12,"meta":0},{"id":12,"meta":0},{"id":24,"meta":0},{"id":12,"meta":0},{"id":24,"meta":1},{"id":12,"meta":0},{"id":12,"meta":0},{"id":3,"meta":0}],[{"id":3,"meta":0},{"id":12,"meta":0},{"id":24,"meta":0},{"id":24,"meta":1},{"id":12,"meta":0},{"id":46,"meta":0},{"id":12,"meta":0},{"id":12,"meta":0},{"id":12,"meta":0},{"id":46,"meta":0},{"id":24,"meta":1},{"id":12,"meta":0},{"id":12,"meta":0},{"id":12,"meta":0},{"id":24,"meta":1},{"id":3,"meta":0}],[{"id":3,"meta":0},{"id":12,"meta":0},{"id":12,"meta":0},{"id":12,"meta":0},{"id":12,"meta":0},{"id":12,"meta":0},{"id":12,"meta":0},{"id":12,"meta":0},{"id":12,"meta":0},{"id":12,"meta":0},{"id":12,"meta":0},{"id":12,"meta":0},{"id":24,"meta":0},{"id":46,"meta":0},{"id":12,"meta":0},{"id":3,"meta":0}],[{"id":3,"meta":0},{"id":12,"meta":0},{"id":46,"meta":0},{"id":12,"meta":0},{"id":24,"meta":0},{"id":12,"meta":0},{"id":12,"meta":0},{"id":12,"meta":0},{"id":12,"meta":0},{"id":12,"meta":0},{"id":12,"meta":0},{"id":46,"meta":0},{"id":12,"meta":0},{"id":12,"meta":0},{"id":24,"meta":0},{"id":3,"meta":0}],[{"id":3,"meta":0},{"id":12,"meta":0},{"id":12,"meta":0},{"id":12,"meta":0},{"id":12,"meta":0},{"id":12,"meta":0},{"id":12,"meta":0},{"id":12,"meta":0},{"id":12,"meta":0},{"id":12,"meta":0},{"id":12,"meta":0},{"id":12,"meta":0},{"id":12,"meta":0},{"id":46,"meta":0},{"id":12,"meta":0},{"id":3,"meta":0}],[{"id":3,"meta":0},{"id":24,"meta":0},{"id":12,"meta":0},{"id":24,"meta":1},{"id":12,"meta":0},{"id":12,"meta":0},{"id":12,"meta":0},{"id":9,"meta":0},{"id":9,"meta":0},{"id":12,"meta":0},{"id":12,"meta":0},{"id":12,"meta":0},{"id":12,"meta":0},{"id":24,"meta":0},{"id":12,"meta":0},{"id":3,"meta":0}],[{"id":3,"meta":0},{"id":12,"meta":0},{"id":46,"meta":0},{"id":12,"meta":0},{"id":12,"meta":0},{"id":12,"meta":0},{"id":9,"meta":9},{"id":9,"meta":0},{"id":9,"meta":0},{"id":9,"meta":0},{"id":12,"meta":0},{"id":12,"meta":0},{"id":12,"meta":0},{"id":12,"meta":0},{"id":24,"meta":1},{"id":3,"meta":0}],[{"id":3,"meta":0},{"id":24,"meta":0},{"id":12,"meta":0},{"id":12,"meta":0},{"id":12,"meta":0},{"id":12,"meta":0},{"id":12,"meta":0},{"id":9,"meta":0},{"id":9,"meta":0},{"id":9,"meta":0},{"id":9,"meta":0},{"id":12,"meta":0},{"id":12,"meta":0},{"id":12,"meta":0},{"id":12,"meta":0},{"id":3,"meta":0}],[{"id":3,"meta":0},{"id":12,"meta":0},{"id":12,"meta":0},{"id":24,"meta":1},{"id":24,"meta":0},{"id":12,"meta":0},{"id":12,"meta":0},{"id":12,"meta":0},{"id":9,"meta":0},{"id":9,"meta":0},{"id":9,"meta":0},{"id":12,"meta":0},{"id":12,"meta":0},{"id":12,"meta":0},{"id":46,"meta":0},{"id":3,"meta":0}],[{"id":3,"meta":0},{"id":24,"meta":0},{"id":12,"meta":0},{"id":12,"meta":0},{"id":12,"meta":0},{"id":12,"meta":0},{"id":12,"meta":0},{"id":12,"meta":0},{"id":12,"meta":0},{"id":9,"meta":0},{"id":12,"meta":0},{"id":12,"meta":0},{"id":12,"meta":0},{"id":24,"meta":1},{"id":12,"meta":0},{"id":3,"meta":0}],[{"id":3,"meta":0},{"id":12,"meta":0},{"id":12,"meta":0},{"id":46,"meta":0},{"id":12,"meta":0},{"id":12,"meta":0},{"id":24,"meta":0},{"id":12,"meta":0},{"id":12,"meta":0},{"id":12,"meta":0},{"id":12,"meta":0},{"id":12,"meta":0},{"id":12,"meta":0},{"id":12,"meta":0},{"id":24,"meta":0},{"id":3,"meta":0}],[{"id":3,"meta":0},{"id":12,"meta":0},{"id":24,"meta":0},{"id":24,"meta":1},{"id":12,"meta":0},{"id":24,"meta":1},{"id":12,"meta":0},{"id":12,"meta":0},{"id":12,"meta":0},{"id":12,"meta":0},{"id":12,"meta":0},{"id":12,"meta":0},{"id":46,"meta":0},{"id":12,"meta":0},{"id":12,"meta":0},{"id":3,"meta":0}],[{"id":3,"meta":0},{"id":12,"meta":0},{"id":12,"meta":0},{"id":46,"meta":0},{"id":12,"meta":0},{"id":46,"meta":0},{"id":12,"meta":0},{"id":24,"meta":0},{"id":12,"meta":0},{"id":24,"meta":1},{"id":24,"meta":0},{"id":12,"meta":0},{"id":12,"meta":0},{"id":24,"meta":0},{"id":46,"meta":0},{"id":3,"meta":0}],[{"id":3,"meta":0},{"id":12,"meta":0},{"id":12,"meta":0},{"id":12,"meta":0},{"id":12,"meta":0},{"id":12,"meta":0},{"id":24,"meta":1},{"id":12,"meta":0},{"id":12,"meta":0},{"id":46,"meta":0},{"id":12,"meta":0},{"id":12,"meta":0},{"id":24,"meta":0},{"id":12,"meta":0},{"id":24,"meta":1},{"id":3,"meta":0}],[{"id":3,"meta":0},{"id":3,"meta":0},{"id":3,"meta":0},{"id":3,"meta":0},{"id":3,"meta":0},{"id":3,"meta":0},{"id":3,"meta":0},{"id":3,"meta":0},{"id":3,"meta":0},{"id":3,"meta":0},{"id":3,"meta":0},{"id":3,"meta":0},{"id":3,"meta":0},{"id":3,"meta":0},{"id":3,"meta":0},{"id":3,"meta":0}]],[[{"id":2,"meta":0},{"id":2,"meta":0},{"id":2,"meta":0},{"id":2,"meta":0},{"id":2,"meta":0},{"id":2,"meta":0},{"id":2,"meta":0},{"id":2,"meta":0},{"id":2,"meta":0},{"id":2,"meta":0},{"id":2,"meta":0},{"id":2,"meta":0},{"id":2,"meta":0},{"id":2,"meta":0},{"id":2,"meta":0},{"id":2,"meta":0}],[{"id":2,"meta":0},{"id":12,"meta":0},{"id":12,"meta":0},{"id":12,"meta":0},{"id":12,"meta":0},{"id":12,"meta":0},{"id":12,"meta":0},{"id":12,"meta":0},{"id":12,"meta":0},{"id":12,"meta":0},{"id":12,"meta":0},{"id":12,"meta":0},{"id":12,"meta":0},{"id":12,"meta":0},{"id":12,"meta":0},{"id":2,"meta":0}],[{"id":2,"meta":0},{"id":12,"meta":0},{"id":12,"meta":0},{"id":12,"meta":0},{"id":12,"meta":0},{"id":12,"meta":0},{"id":12,"meta":0},{"id":12,"meta":0},{"id":12,"meta":0},{"id":12,"meta":0},{"id":12,"meta":0},{"id":12,"meta":0},{"id":12,"meta":0},{"id":12,"meta":0},{"id":12,"meta":0},{"id":2,"meta":0}],[{"id":2,"meta":0},{"id":12,"meta":0},{"id":12,"meta":0},{"id":12,"meta":0},{"id":12,"meta":0},{"id":12,"meta":0},{"id":12,"meta":0},{"id":12,"meta":0},{"id":12,"meta":0},{"id":12,"meta":0},{"id":12,"meta":0},{"id":12,"meta":0},{"id":12,"meta":0},{"id":12,"meta":0},{"id":12,"meta":0},{"id":2,"meta":0}],[{"id":2,"meta":0},{"id":12,"meta":0},{"id":12,"meta":0},{"id":12,"meta":0},{"id":12,"meta":0},{"id":12,"meta":0},{"id":12,"meta":0},{"id":9,"meta":0},{"id":12,"meta":0},{"id":12,"meta":0},{"id":12,"meta":0},{"id":12,"meta":0},{"id":12,"meta":0},{"id":12,"meta":0},{"id":12,"meta":0},{"id":2,"meta":0}],[{"id":2,"meta":0},{"id":12,"meta":0},{"id":12,"meta":0},{"id":12,"meta":0},{"id":9,"meta":0},{"id":12,"meta":0},{"id":9,"meta":0},{"id":9,"meta":0},{"id":9,"meta":0},{"id":9,"meta":0},{"id":12,"meta":0},{"id":12,"meta":0},{"id":12,"meta":0},{"id":12,"meta":0},{"id":12,"meta":0},{"id":2,"meta":0}],[{"id":2,"meta":0},{"id":12,"meta":0},{"id":12,"meta":0},{"id":12,"meta":0},{"id":12,"meta":0},{"id":12,"meta":0},{"id":9,"meta":0},{"id":9,"meta":0},{"id":9,"meta":0},{"id":9,"meta":0},{"id":12,"meta":0},{"id":12,"meta":0},{"id":12,"meta":0},{"id":12,"meta":0},{"id":12,"meta":0},{"id":2,"meta":0}],[{"id":2,"meta":0},{"id":12,"meta":0},{"id":12,"meta":0},{"id":12,"meta":0},{"id":12,"meta":0},{"id":9,"meta":0},{"id":9,"meta":1},{"id":9,"meta":0},{"id":9,"meta":0},{"id":9,"meta":0},{"id":9,"meta":0},{"id":9,"meta":0},{"id":12,"meta":0},{"id":12,"meta":0},{"id":12,"meta":0},{"id":2,"meta":0}],[{"id":2,"meta":0},{"id":12,"meta":0},{"id":12,"meta":0},{"id":12,"meta":0},{"id":12,"meta":0},{"id":9,"meta":0},{"id":9,"meta":0},{"id":9,"meta":0},{"id":9,"meta":0},{"id":9,"meta":0},{"id":9,"meta":0},{"id":9,"meta":0},{"id":9,"meta":0},{"id":12,"meta":0},{"id":12,"meta":0},{"id":2,"meta":0}],[{"id":2,"meta":0},{"id":12,"meta":0},{"id":12,"meta":0},{"id":12,"meta":0},{"id":12,"meta":0},{"id":12,"meta":0},{"id":9,"meta":0},{"id":9,"meta":0},{"id":9,"meta":0},{"id":9,"meta":0},{"id":9,"meta":0},{"id":9,"meta":0},{"id":9,"meta":0},{"id":12,"meta":0},{"id":12,"meta":0},{"id":2,"meta":0}],[{"id":2,"meta":0},{"id":12,"meta":0},{"id":24,"meta":0},{"id":24,"meta":0},{"id":24,"meta":0},{"id":12,"meta":0},{"id":12,"meta":0},{"id":12,"meta":0},{"id":9,"meta":0},{"id":9,"meta":0},{"id":9,"meta":0},{"id":9,"meta":0},{"id":12,"meta":0},{"id":12,"meta":0},{"id":12,"meta":0},{"id":2,"meta":0}],[{"id":2,"meta":0},{"id":12,"meta":0},{"id":24,"meta":0},{"id":251,"meta":1},{"id":24,"meta":0},{"id":12,"meta":0},{"id":12,"meta":0},{"id":12,"meta":0},{"id":9,"meta":0},{"id":9,"meta":0},{"id":9,"meta":0},{"id":12,"meta":0},{"id":12,"meta":0},{"id":12,"meta":0},{"id":12,"meta":0},{"id":2,"meta":0}],[{"id":2,"meta":0},{"id":12,"meta":0},{"id":24,"meta":0},{"id":24,"meta":1},{"id":24,"meta":0},{"id":12,"meta":0},{"id":12,"meta":0},{"id":12,"meta":0},{"id":12,"meta":0},{"id":12,"meta":0},{"id":12,"meta":0},{"id":12,"meta":0},{"id":12,"meta":0},{"id":12,"meta":0},{"id":12,"meta":0},{"id":2,"meta":0}],[{"id":2,"meta":0},{"id":12,"meta":0},{"id":24,"meta":0},{"id":24,"meta":1},{"id":24,"meta":0},{"id":24,"meta":0},{"id":12,"meta":0},{"id":12,"meta":0},{"id":12,"meta":0},{"id":12,"meta":0},{"id":12,"meta":0},{"id":12,"meta":0},{"id":12,"meta":0},{"id":12,"meta":0},{"id":12,"meta":0},{"id":2,"meta":0}],[{"id":2,"meta":0},{"id":12,"meta":0},{"id":12,"meta":0},{"id":12,"meta":0},{"id":12,"meta":0},{"id":12,"meta":0},{"id":12,"meta":0},{"id":12,"meta":0},{"id":12,"meta":0},{"id":12,"meta":0},{"id":12,"meta":0},{"id":12,"meta":0},{"id":12,"meta":0},{"id":12,"meta":0},{"id":12,"meta":0},{"id":2,"meta":0}],[{"id":2,"meta":0},{"id":2,"meta":0},{"id":2,"meta":0},{"id":2,"meta":0},{"id":2,"meta":0},{"id":2,"meta":0},{"id":2,"meta":0},{"id":2,"meta":0},{"id":2,"meta":0},{"id":2,"meta":0},{"id":2,"meta":0},{"id":2,"meta":0},{"id":2,"meta":0},{"id":2,"meta":0},{"id":2,"meta":0},{"id":2,"meta":0}]],[[{"id":0,"meta":0},{"id":0,"meta":0},{"id":0,"meta":0},{"id":0,"meta":0},{"id":0,"meta":0},{"id":0,"meta":0},{"id":0,"meta":0},{"id":0,"meta":0},{"id":0,"meta":0},{"id":0,"meta":0},{"id":0,"meta":0},{"id":0,"meta":0},{"id":0,"meta":0},{"id":0,"meta":0},{"id":0,"meta":0},{"id":0,"meta":0}],[{"id":0,"meta":0},{"id":0,"meta":0},{"id":0,"meta":0},{"id":0,"meta":0},{"id":55,"meta":0},{"id":55,"meta":0},{"id":55,"meta":0},{"id":46,"meta":0},{"id":55,"meta":0},{"id":55,"meta":0},{"id":0,"meta":0},{"id":24,"meta":0},{"id":24,"meta":0},{"id":24,"meta":0},{"id":24,"meta":0},{"id":0,"meta":0}],[{"id":0,"meta":0},{"id":0,"meta":0},{"id":0,"meta":0},{"id":55,"meta":0},{"id":55,"meta":0},{"id":0,"meta":0},{"id":46,"meta":0},{"id":46,"meta":0},{"id":0,"meta":0},{"id":55,"meta":0},{"id":24,"meta":0},{"id":24,"meta":0},{"id":24,"meta":0},{"id":24,"meta":0},{"id":24,"meta":0},{"id":0,"meta":0}],[{"id":0,"meta":0},{"id":0,"meta":0},{"id":0,"meta":0},{"id":0,"meta":0},{"id":0,"meta":0},{"id":0,"meta":0},{"id":0,"meta":0},{"id":0,"meta":0},{"id":0,"meta":0},{"id":24,"meta":0},{"id":24,"meta":0},{"id":24,"meta":0},{"id":24,"meta":0},{"id":24,"meta":0},{"id":24,"meta":0},{"id":0,"meta":0}],[{"id":0,"meta":0},{"id":0,"meta":0},{"id":0,"meta":0},{"id":43,"meta":1},{"id":44,"meta":1},{"id":43,"meta":1},{"id":0,"meta":0},{"id":0,"meta":0},{"id":44,"meta":1},{"id":9,"meta":11},{"id":9,"meta":10},{"id":24,"meta":0},{"id":24,"meta":0},{"id":24,"meta":0},{"id":24,"meta":0},{"id":0,"meta":0}],[{"id":0,"meta":0},{"id":0,"meta":0},{"id":0,"meta":0},{"id":44,"meta":1},{"id":0,"meta":0},{"id":44,"meta":1},{"id":0,"meta":0},{"id":0,"meta":0},{"id":0,"meta":0},{"id":9,"meta":12},{"id":9,"meta":11},{"id":24,"meta":0},{"id":24,"meta":0},{"id":24,"meta":0},{"id":24,"meta":0},{"id":0,"meta":0}],[{"id":0,"meta":0},{"id":0,"meta":0},{"id":0,"meta":0},{"id":43,"meta":1},{"id":44,"meta":1},{"id":43,"meta":1},{"id":0,"meta":0},{"id":0,"meta":0},{"id":0,"meta":0},{"id":9,"meta":1},{"id":9,"meta":12},{"id":9,"meta":11},{"id":24,"meta":0},{"id":24,"meta":0},{"id":0,"meta":0},{"id":0,"meta":0}],[{"id":0,"meta":0},{"id":0,"meta":0},{"id":0,"meta":0},{"id":0,"meta":0},{"id":0,"meta":0},{"id":0,"meta":0},{"id":0,"meta":0},{"id":0,"meta":0},{"id":0,"meta":0},{"id":0,"meta":0},{"id":9,"meta":1},{"id":9,"meta":1},{"id":0,"meta":0},{"id":0,"meta":0},{"id":0,"meta":0},{"id":0,"meta":0}],[{"id":0,"meta":0},{"id":0,"meta":0},{"id":0,"meta":0},{"id":0,"meta":0},{"id":0,"meta":0},{"id":0,"meta":0},{"id":0,"meta":0},{"id":0,"meta":0},{"id":0,"meta":0},{"id":0,"meta":0},{"id":0,"meta":0},{"id":0,"meta":0},{"id":0,"meta":0},{"id":0,"meta":0},{"id":0,"meta":0},{"id":0,"meta":0}],[{"id":0,"meta":0},{"id":24,"meta":1},{"id":24,"meta":1},{"id":30,"meta":0},{"id":24,"meta":1},{"id":24,"meta":1},{"id":0,"meta":0},{"id":0,"meta":0},{"id":0,"meta":0},{"id":0,"meta":0},{"id":0,"meta":0},{"id":0,"meta":0},{"id":0,"meta":0},{"id":0,"meta":0},{"id":0,"meta":0},{"id":0,"meta":0}],[{"id":0,"meta":0},{"id":24,"meta":1},{"id":0,"meta":0},{"id":0,"meta":0},{"id":0,"meta":0},{"id":24,"meta":1},{"id":0,"meta":0},{"id":0,"meta":0},{"id":0,"meta":0},{"id":0,"meta":0},{"id":0,"meta":0},{"id":0,"meta":0},{"id":0,"meta":0},{"id":0,"meta":0},{"id":0,"meta":0},{"id":0,"meta":0}],[{"id":0,"meta":0},{"id":24,"meta":1},{"id":30,"meta":0},{"id":42,"meta":0},{"id":0,"meta":0},{"id":24,"meta":1},{"id":0,"meta":0},{"id":0,"meta":0},{"id":0,"meta":0},{"id":0,"meta":0},{"id":0,"meta":0},{"id":0,"meta":0},{"id":0,"meta":0},{"id":0,"meta":0},{"id":0,"meta":0},{"id":0,"meta":0}],[{"id":0,"meta":0},{"id":24,"meta":1},{"id":0,"meta":0},{"id":0,"meta":0},{"id":0,"meta":0},{"id":24,"meta":1},{"id":0,"meta":0},{"id":0,"meta":0},{"id":46,"meta":0},{"id":0,"meta":0},{"id":0,"meta":0},{"id":55,"meta":0},{"id":70,"meta":0},{"id":0,"meta":0},{"id":0,"meta":0},{"id":0,"meta":0}],[{"id":0,"meta":0},{"id":24,"meta":1},{"id":30,"meta":0},{"id":70,"meta":0},{"id":0,"meta":0},{"id":0,"meta":0},{"id":0,"meta":0},{"id":0,"meta":0},{"id":46,"meta":0},{"id":46,"meta":0},{"id":55,"meta":0},{"id":55,"meta":0},{"id":0,"meta":0},{"id":0,"meta":0},{"id":0,"meta":0},{"id":0,"meta":0}],[{"id":0,"meta":0},{"id":24,"meta":1},{"id":24,"meta":1},{"id":24,"meta":1},{"id":24,"meta":1},{"id":24,"meta":1},{"id":0,"meta":0},{"id":0,"meta":0},{"id":0,"meta":0},{"id":0,"meta":0},{"id":0,"meta":0},{"id":0,"meta":0},{"id":0,"meta":0},{"id":0,"meta":0},{"id":0,"meta":0},{"id":0,"meta":0}],[{"id":0,"meta":0},{"id":0,"meta":0},{"id":0,"meta":0},{"id":0,"meta":0},{"id":0,"meta":0},{"id":0,"meta":0},{"id":0,"meta":0},{"id":0,"meta":0},{"id":0,"meta":0},{"id":0,"meta":0},{"id":0,"meta":0},{"id":0,"meta":0},{"id":0,"meta":0},{"id":0,"meta":0},{"id":0,"meta":0},{"id":0,"meta":0}]],[[{"id":0,"meta":0},{"id":0,"meta":0},{"id":0,"meta":0},{"id":0,"meta":0},{"id":0,"meta":0},{"id":0,"meta":0},{"id":0,"meta":0},{"id":0,"meta":0},{"id":0,"meta":0},{"id":0,"meta":0},{"id":0,"meta":0},{"id":0,"meta":0},{"id":0,"meta":0},{"id":0,"meta":0},{"id":0,"meta":0},{"id":0,"meta":0}],[{"id":0,"meta":0},{"id":0,"meta":0},{"id":0,"meta":0},{"id":0,"meta":0},{"id":0,"meta":0},{"id":0,"meta":0},{"id":0,"meta":0},{"id":55,"meta":0},{"id":0,"meta":0},{"id":0,"meta":0},{"id":0,"meta":0},{"id":44,"meta":1},{"id":24,"meta":0},{"id":24,"meta":0},{"id":0,"meta":0},{"id":0,"meta":0}],[{"id":0,"meta":0},{"id":0,"meta":0},{"id":0,"meta":0},{"id":0,"meta":0},{"id":0,"meta":0},{"id":0,"meta":0},{"id":55,"meta":0},{"id":46,"meta":0},{"id":0,"meta":0},{"id":0,"meta":0},{"id":44,"meta":1},{"id":24,"meta":0},{"id":9,"meta":0},{"id":24,"meta":0},{"id":24,"meta":0},{"id":0,"meta":0}],[{"id":0,"meta":0},{"id":0,"meta":0},{"id":0,"meta":0},{"id":0,"meta":0},{"id":0,"meta":0},{"id":0,"meta":0},{"id":0,"meta":0},{"id":0,"meta":0},{"id":0,"meta":0},{"id":44,"meta":1},{"id":24,"meta":0},{"id":9,"meta":10},{"id":24,"meta":0},{"id":24,"meta":0},{"id":24,"meta":0},{"id":0,"meta":0}],[{"id":0,"meta":0},{"id":0,"meta":0},{"id":0,"meta":0},{"id":24,"meta":1},{"id":0,"meta":0},{"id":24,"meta":1},{"id":0,"meta":0},{"id":0,"meta":0},{"id":0,"meta":0},{"id":9,"meta":3},{"id":9,"meta":2},{"id":9,"meta":1},{"id":24,"meta":0},{"id":24,"meta":0},{"id":0,"meta":0},{"id":0,"meta":0}],[{"id":0,"meta":0},{"id":0,"meta":0},{"id":0,"meta":0},{"id":0,"meta":0},{"id":44,"meta":9},{"id":0,"meta":0},{"id":0,"meta":0},{"id":0,"meta":0},{"id":0,"meta":0},{"id":9,"meta":4},{"id":9,"meta":3},{"id":9,"meta":2},{"id":24,"meta":0},{"id":0,"meta":0},{"id":0,"meta":0},{"id":0,"meta":0}],[{"id":0,"meta":0},{"id":0,"meta":0},{"id":0,"meta":0},{"id":24,"meta":1},{"id":0,"meta":0},{"id":24,"meta":1},{"id":0,"meta":0},{"id":0,"meta":0},{"id":0,"meta":0},{"id":0,"meta":0},{"id":9,"meta":4},{"id":9,"meta":3},{"id":44,"meta":1},{"id":0,"meta":0},{"id":0,"meta":0},{"id":0,"meta":0}],[{"id":0,"meta":0},{"id":0,"meta":0},{"id":0,"meta":0},{"id":0,"meta":0},{"id":0,"meta":0},{"id":0,"meta":0},{"id":0,"meta":0},{"id":0,"meta":0},{"id":0,"meta":0},{"id":0,"meta":0},{"id":0,"meta":0},{"id":0,"meta":0},{"id":0,"meta":0},{"id":0,"meta":0},{"id":0,"meta":0},{"id":0,"meta":0}],[{"id":0,"meta":0},{"id":0,"meta":0},{"id":0,"meta":0},{"id":0,"meta":0},{"id":0,"meta":0},{"id":0,"meta":0},{"id":0,"meta":0},{"id":0,"meta":0},{"id":0,"meta":0},{"id":0,"meta":0},{"id":0,"meta":0},{"id":0,"meta":0},{"id":0,"meta":0},{"id":0,"meta":0},{"id":0,"meta":0},{"id":0,"meta":0}],[{"id":0,"meta":0},{"id":24,"meta":1},{"id":24,"meta":1},{"id":0,"meta":0},{"id":24,"meta":1},{"id":24,"meta":1},{"id":0,"meta":0},{"id":0,"meta":0},{"id":0,"meta":0},{"id":0,"meta":0},{"id":0,"meta":0},{"id":0,"meta":0},{"id":0,"meta":0},{"id":0,"meta":0},{"id":0,"meta":0},{"id":0,"meta":0}],[{"id":0,"meta":0},{"id":24,"meta":1},{"id":0,"meta":0},{"id":0,"meta":0},{"id":30,"meta":0},{"id":24,"meta":1},{"id":0,"meta":0},{"id":0,"meta":0},{"id":0,"meta":0},{"id":0,"meta":0},{"id":0,"meta":0},{"id":0,"meta":0},{"id":0,"meta":0},{"id":0,"meta":0},{"id":0,"meta":0},{"id":0,"meta":0}],[{"id":0,"meta":0},{"id":44,"meta":1},{"id":0,"meta":0},{"id":30,"meta":0},{"id":0,"meta":0},{"id":44,"meta":1},{"id":0,"meta":0},{"id":0,"meta":0},{"id":0,"meta":0},{"id":0,"meta":0},{"id":0,"meta":0},{"id":0,"meta":0},{"id":0,"meta":0},{"id":0,"meta":0},{"id":0,"meta":0},{"id":0,"meta":0}],[{"id":0,"meta":0},{"id":44,"meta":1},{"id":0,"meta":0},{"id":0,"meta":0},{"id":0,"meta":0},{"id":24,"meta":1},{"id":0,"meta":0},{"id":0,"meta":0},{"id":0,"meta":0},{"id":0,"meta":0},{"id":0,"meta":0},{"id":0,"meta":0},{"id":0,"meta":0},{"id":0,"meta":0},{"id":0,"meta":0},{"id":0,"meta":0}],[{"id":0,"meta":0},{"id":24,"meta":1},{"id":0,"meta":0},{"id":0,"meta":0},{"id":0,"meta":0},{"id":30,"meta":0},{"id":0,"meta":0},{"id":0,"meta":0},{"id":46,"meta":0},{"id":0,"meta":0},{"id":0,"meta":0},{"id":0,"meta":0},{"id":0,"meta":0},{"id":0,"meta":0},{"id":0,"meta":0},{"id":0,"meta":0}],[{"id":0,"meta":0},{"id":24,"meta":1},{"id":24,"meta":1},{"id":44,"meta":1},{"id":44,"meta":1},{"id":24,"meta":1},{"id":0,"meta":0},{"id":0,"meta":0},{"id":0,"meta":0},{"id":0,"meta":0},{"id":0,"meta":0},{"id":0,"meta":0},{"id":0,"meta":0},{"id":0,"meta":0},{"id":0,"meta":0},{"id":0,"meta":0}],[{"id":0,"meta":0},{"id":0,"meta":0},{"id":0,"meta":0},{"id":0,"meta":0},{"id":0,"meta":0},{"id":0,"meta":0},{"id":0,"meta":0},{"id":0,"meta":0},{"id":0,"meta":0},{"id":0,"meta":0},{"id":0,"meta":0},{"id":0,"meta":0},{"id":0,"meta":0},{"id":0,"meta":0},{"id":0,"meta":0},{"id":0,"meta":0}]],[[{"id":0,"meta":0},{"id":0,"meta":0},{"id":0,"meta":0},{"id":0,"meta":0},{"id":0,"meta":0},{"id":0,"meta":0},{"id":0,"meta":0},{"id":0,"meta":0},{"id":0,"meta":0},{"id":0,"meta":0},{"id":0,"meta":0},{"id":0,"meta":0},{"id":0,"meta":0},{"id":0,"meta":0},{"id":0,"meta":0},{"id":0,"meta":0}],[{"id":0,"meta":0},{"id":0,"meta":0},{"id":0,"meta":0},{"id":0,"meta":0},{"id":0,"meta":0},{"id":0,"meta":0},{"id":0,"meta":0},{"id":0,"meta":0},{"id":0,"meta":0},{"id":0,"meta":0},{"id":0,"meta":0},{"id":0,"meta":0},{"id":24,"meta":0},{"id":0,"meta":0},{"id":0,"meta":0},{"id":0,"meta":0}],[{"id":0,"meta":0},{"id":0,"meta":0},{"id":0,"meta":0},{"id":0,"meta":0},{"id":0,"meta":0},{"id":0,"meta":0},{"id":0,"meta":0},{"id":0,"meta":0},{"id":0,"meta":0},{"id":0,"meta":0},{"id":0,"meta":0},{"id":24,"meta":0},{"id":9,"meta":0},{"id":24,"meta":0},{"id":0,"meta":0},{"id":0,"meta":0}],[{"id":0,"meta":0},{"id":0,"meta":0},{"id":0,"meta":0},{"id":0,"meta":0},{"id":0,"meta":0},{"id":0,"meta":0},{"id":0,"meta":0},{"id":0,"meta":0},{"id":0,"meta":0},{"id":0,"meta":0},{"id":44,"meta":1},{"id":9,"meta":2},{"id":9,"meta":1},{"id":24,"meta":0},{"id":0,"meta":0},{"id":0,"meta":0}],[{"id":0,"meta":0},{"id":0,"meta":0},{"id":0,"meta":0},{"id":44,"meta":1},{"id":44,"meta":1},{"id":44,"meta":1},{"id":0,"meta":0},{"id":0,"meta":0},{"id":0,"meta":0},{"id":0,"meta":0},{"id":0,"meta":0},{"id":0,"meta":0},{"id":24,"meta":0},{"id":44,"meta":1},{"id":0,"meta":0},{"id":0,"meta":0}],[{"id":0,"meta":0},{"id":0,"meta":0},{"id":0,"meta":0},{"id":44,"meta":1},{"id":43,"meta":1},{"id":44,"meta":1},{"id":0,"meta":0},{"id":0,"meta":0},{"id":0,"meta":0},{"id":0,"meta":0},{"id":0,"meta":0},{"id":0,"meta":0},{"id":0,"meta":0},{"id":0,"meta":0},{"id":0,"meta":0},{"id":0,"meta":0}],[{"id":0,"meta":0},{"id":0,"meta":0},{"id":0,"meta":0},{"id":44,"meta":1},{"id":44,"meta":1},{"id":44,"meta":1},{"id":0,"meta":0},{"id":0,"meta":0},{"id":0,"meta":0},{"id":0,"meta":0},{"id":0,"meta":0},{"id":0,"meta":0},{"id":0,"meta":0},{"id":0,"meta":0},{"id":0,"meta":0},{"id":0,"meta":0}],[{"id":0,"meta":0},{"id":0,"meta":0},{"id":0,"meta":0},{"id":0,"meta":0},{"id":0,"meta":0},{"id":0,"meta":0},{"id":0,"meta":0},{"id":0,"meta":0},{"id":0,"meta":0},{"id":0,"meta":0},{"id":0,"meta":0},{"id":0,"meta":0},{"id":0,"meta":0},{"id":0,"meta":0},{"id":0,"meta":0},{"id":0,"meta":0}],[{"id":0,"meta":0},{"id":0,"meta":0},{"id":0,"meta":0},{"id":0,"meta":0},{"id":0,"meta":0},{"id":0,"meta":0},{"id":0,"meta":0},{"id":0,"meta":0},{"id":0,"meta":0},{"id":0,"meta":0},{"id":0,"meta":0},{"id":0,"meta":0},{"id":0,"meta":0},{"id":0,"meta":0},{"id":0,"meta":0},{"id":0,"meta":0}],[{"id":0,"meta":0},{"id":44,"meta":1},{"id":44,"meta":1},{"id":44,"meta":1},{"id":44,"meta":1},{"id":44,"meta":1},{"id":0,"meta":0},{"id":0,"meta":0},{"id":0,"meta":0},{"id":0,"meta":0},{"id":0,"meta":0},{"id":0,"meta":0},{"id":0,"meta":0},{"id":0,"meta":0},{"id":0,"meta":0},{"id":0,"meta":0}],[{"id":0,"meta":0},{"id":44,"meta":1},{"id":43,"meta":1},{"id":43,"meta":1},{"id":43,"meta":1},{"id":44,"meta":1},{"id":0,"meta":0},{"id":0,"meta":0},{"id":0,"meta":0},{"id":0,"meta":0},{"id":0,"meta":0},{"id":0,"meta":0},{"id":0,"meta":0},{"id":0,"meta":0},{"id":0,"meta":0},{"id":0,"meta":0}],[{"id":0,"meta":0},{"id":44,"meta":1},{"id":43,"meta":1},{"id":44,"meta":9},{"id":43,"meta":1},{"id":44,"meta":1},{"id":0,"meta":0},{"id":0,"meta":0},{"id":0,"meta":0},{"id":0,"meta":0},{"id":0,"meta":0},{"id":0,"meta":0},{"id":0,"meta":0},{"id":0,"meta":0},{"id":0,"meta":0},{"id":0,"meta":0}],[{"id":0,"meta":0},{"id":44,"meta":1},{"id":43,"meta":1},{"id":44,"meta":9},{"id":43,"meta":1},{"id":44,"meta":1},{"id":0,"meta":0},{"id":0,"meta":0},{"id":0,"meta":0},{"id":0,"meta":0},{"id":0,"meta":0},{"id":0,"meta":0},{"id":0,"meta":0},{"id":0,"meta":0},{"id":0,"meta":0},{"id":0,"meta":0}],[{"id":0,"meta":0},{"id":44,"meta":1},{"id":43,"meta":1},{"id":43,"meta":1},{"id":43,"meta":1},{"id":44,"meta":1},{"id":0,"meta":0},{"id":0,"meta":0},{"id":0,"meta":0},{"id":0,"meta":0},{"id":0,"meta":0},{"id":0,"meta":0},{"id":0,"meta":0},{"id":0,"meta":0},{"id":0,"meta":0},{"id":0,"meta":0}],[{"id":0,"meta":0},{"id":44,"meta":1},{"id":44,"meta":1},{"id":44,"meta":1},{"id":44,"meta":1},{"id":44,"meta":1},{"id":0,"meta":0},{"id":0,"meta":0},{"id":0,"meta":0},{"id":0,"meta":0},{"id":0,"meta":0},{"id":0,"meta":0},{"id":0,"meta":0},{"id":0,"meta":0},{"id":0,"meta":0},{"id":0,"meta":0}],[{"id":0,"meta":0},{"id":0,"meta":0},{"id":0,"meta":0},{"id":0,"meta":0},{"id":0,"meta":0},{"id":0,"meta":0},{"id":0,"meta":0},{"id":0,"meta":0},{"id":0,"meta":0},{"id":0,"meta":0},{"id":0,"meta":0},{"id":0,"meta":0},{"id":0,"meta":0},{"id":0,"meta":0},{"id":0,"meta":0},{"id":0,"meta":0}]],[[{"id":0,"meta":0},{"id":0,"meta":0},{"id":0,"meta":0},{"id":0,"meta":0},{"id":0,"meta":0},{"id":0,"meta":0},{"id":0,"meta":0},{"id":0,"meta":0},{"id":0,"meta":0},{"id":0,"meta":0},{"id":0,"meta":0},{"id":0,"meta":0},{"id":0,"meta":0},{"id":0,"meta":0},{"id":0,"meta":0},{"id":0,"meta":0}],[{"id":0,"meta":0},{"id":0,"meta":0},{"id":0,"meta":0},{"id":0,"meta":0},{"id":0,"meta":0},{"id":0,"meta":0},{"id":0,"meta":0},{"id":0,"meta":0},{"id":0,"meta":0},{"id":0,"meta":0},{"id":0,"meta":0},{"id":0,"meta":0},{"id":44,"meta":1},{"id":0,"meta":0},{"id":0,"meta":0},{"id":0,"meta":0}],[{"id":0,"meta":0},{"id":0,"meta":0},{"id":0,"meta":0},{"id":0,"meta":0},{"id":0,"meta":0},{"id":0,"meta":0},{"id":0,"meta":0},{"id":0,"meta":0},{"id":0,"meta":0},{"id":0,"meta":0},{"id":0,"meta":0},{"id":44,"meta":1},{"id":30,"meta":0},{"id":43,"meta":1},{"id":0,"meta":0},{"id":0,"meta":0}],[{"id":0,"meta":0},{"id":0,"meta":0},{"id":0,"meta":0},{"id":0,"meta":0},{"id":0,"meta":0},{"id":0,"meta":0},{"id":0,"meta":0},{"id":0,"meta":0},{"id":0,"meta":0},{"id":0,"meta":0},{"id":0,"meta":0},{"id":0,"meta":0},{"id":0,"meta":0},{"id":44,"meta":1},{"id":0,"meta":0},{"id":0,"meta":0}],[{"id":0,"meta":0},{"id":0,"meta":0},{"id":0,"meta":0},{"id":0,"meta":0},{"id":0,"meta":0},{"id":0,"meta":0},{"id":0,"meta":0},{"id":0,"meta":0},{"id":0,"meta":0},{"id":0,"meta":0},{"id":0,"meta":0},{"id":0,"meta":0},{"id":0,"meta":0},{"id":0,"meta":0},{"id":0,"meta":0},{"id":0,"meta":0}],[{"id":0,"meta":0},{"id":0,"meta":0},{"id":0,"meta":0},{"id":0,"meta":0},{"id":0,"meta":0},{"id":0,"meta":0},{"id":0,"meta":0},{"id":0,"meta":0},{"id":0,"meta":0},{"id":0,"meta":0},{"id":0,"meta":0},{"id":0,"meta":0},{"id":0,"meta":0},{"id":0,"meta":0},{"id":0,"meta":0},{"id":0,"meta":0}],[{"id":0,"meta":0},{"id":0,"meta":0},{"id":0,"meta":0},{"id":0,"meta":0},{"id":0,"meta":0},{"id":0,"meta":0},{"id":0,"meta":0},{"id":0,"meta":0},{"id":0,"meta":0},{"id":0,"meta":0},{"id":0,"meta":0},{"id":0,"meta":0},{"id":0,"meta":0},{"id":0,"meta":0},{"id":0,"meta":0},{"id":0,"meta":0}],[{"id":0,"meta":0},{"id":0,"meta":0},{"id":0,"meta":0},{"id":0,"meta":0},{"id":0,"meta":0},{"id":0,"meta":0},{"id":0,"meta":0},{"id":0,"meta":0},{"id":0,"meta":0},{"id":0,"meta":0},{"id":0,"meta":0},{"id":0,"meta":0},{"id":0,"meta":0},{"id":0,"meta":0},{"id":0,"meta":0},{"id":0,"meta":0}],[{"id":0,"meta":0},{"id":0,"meta":0},{"id":0,"meta":0},{"id":0,"meta":0},{"id":0,"meta":0},{"id":0,"meta":0},{"id":0,"meta":0},{"id":0,"meta":0},{"id":0,"meta":0},{"id":0,"meta":0},{"id":0,"meta":0},{"id":0,"meta":0},{"id":0,"meta":0},{"id":0,"meta":0},{"id":0,"meta":0},{"id":0,"meta":0}],[{"id":0,"meta":0},{"id":0,"meta":0},{"id":0,"meta":0},{"id":0,"meta":0},{"id":0,"meta":0},{"id":0,"meta":0},{"id":0,"meta":0},{"id":0,"meta":0},{"id":0,"meta":0},{"id":0,"meta":0},{"id":0,"meta":0},{"id":0,"meta":0},{"id":0,"meta":0},{"id":0,"meta":0},{"id":0,"meta":0},{"id":0,"meta":0}],[{"id":0,"meta":0},{"id":0,"meta":0},{"id":0,"meta":0},{"id":0,"meta":0},{"id":0,"meta":0},{"id":0,"meta":0},{"id":0,"meta":0},{"id":0,"meta":0},{"id":0,"meta":0},{"id":0,"meta":0},{"id":0,"meta":0},{"id":0,"meta":0},{"id":0,"meta":0},{"id":0,"meta":0},{"id":0,"meta":0},{"id":0,"meta":0}],[{"id":0,"meta":0},{"id":0,"meta":0},{"id":0,"meta":0},{"id":44,"meta":1},{"id":0,"meta":0},{"id":0,"meta":0},{"id":0,"meta":0},{"id":0,"meta":0},{"id":0,"meta":0},{"id":0,"meta":0},{"id":0,"meta":0},{"id":0,"meta":0},{"id":0,"meta":0},{"id":0,"meta":0},{"id":0,"meta":0},{"id":0,"meta":0}],[{"id":0,"meta":0},{"id":0,"meta":0},{"id":0,"meta":0},{"id":44,"meta":1},{"id":0,"meta":0},{"id":0,"meta":0},{"id":0,"meta":0},{"id":0,"meta":0},{"id":0,"meta":0},{"id":0,"meta":0},{"id":0,"meta":0},{"id":0,"meta":0},{"id":0,"meta":0},{"id":0,"meta":0},{"id":0,"meta":0},{"id":0,"meta":0}],[{"id":0,"meta":0},{"id":0,"meta":0},{"id":0,"meta":0},{"id":0,"meta":0},{"id":0,"meta":0},{"id":0,"meta":0},{"id":0,"meta":0},{"id":0,"meta":0},{"id":0,"meta":0},{"id":0,"meta":0},{"id":0,"meta":0},{"id":0,"meta":0},{"id":0,"meta":0},{"id":0,"meta":0},{"id":0,"meta":0},{"id":0,"meta":0}],[{"id":0,"meta":0},{"id":0,"meta":0},{"id":0,"meta":0},{"id":0,"meta":0},{"id":0,"meta":0},{"id":0,"meta":0},{"id":0,"meta":0},{"id":0,"meta":0},{"id":0,"meta":0},{"id":0,"meta":0},{"id":0,"meta":0},{"id":0,"meta":0},{"id":0,"meta":0},{"id":0,"meta":0},{"id":0,"meta":0},{"id":0,"meta":0}],[{"id":0,"meta":0},{"id":0,"meta":0},{"id":0,"meta":0},{"id":0,"meta":0},{"id":0,"meta":0},{"id":0,"meta":0},{"id":0,"meta":0},{"id":0,"meta":0},{"id":0,"meta":0},{"id":0,"meta":0},{"id":0,"meta":0},{"id":0,"meta":0},{"id":0,"meta":0},{"id":0,"meta":0},{"id":0,"meta":0},{"id":0,"meta":0}]],[[{"id":0,"meta":0},{"id":0,"meta":0},{"id":0,"meta":0},{"id":0,"meta":0},{"id":0,"meta":0},{"id":0,"meta":0},{"id":0,"meta":0},{"id":0,"meta":0},{"id":0,"meta":0},{"id":0,"meta":0},{"id":0,"meta":0},{"id":0,"meta":0},{"id":0,"meta":0},{"id":0,"meta":0},{"id":0,"meta":0},{"id":0,"meta":0}],[{"id":0,"meta":0},{"id":0,"meta":0},{"id":0,"meta":0},{"id":0,"meta":0},{"id":0,"meta":0},{"id":0,"meta":0},{"id":0,"meta":0},{"id":0,"meta":0},{"id":0,"meta":0},{"id":0,"meta":0},{"id":0,"meta":0},{"id":0,"meta":0},{"id":0,"meta":0},{"id":0,"meta":0},{"id":0,"meta":0},{"id":0,"meta":0}],[{"id":0,"meta":0},{"id":0,"meta":0},{"id":0,"meta":0},{"id":0,"meta":0},{"id":0,"meta":0},{"id":0,"meta":0},{"id":0,"meta":0},{"id":0,"meta":0},{"id":0,"meta":0},{"id":0,"meta":0},{"id":0,"meta":0},{"id":0,"meta":0},{"id":0,"meta":0},{"id":0,"meta":0},{"id":0,"meta":0},{"id":0,"meta":0}],[{"id":0,"meta":0},{"id":0,"meta":0},{"id":0,"meta":0},{"id":0,"meta":0},{"id":0,"meta":0},{"id":0,"meta":0},{"id":0,"meta":0},{"id":0,"meta":0},{"id":0,"meta":0},{"id":0,"meta":0},{"id":0,"meta":0},{"id":0,"meta":0},{"id":0,"meta":0},{"id":0,"meta":0},{"id":0,"meta":0},{"id":0,"meta":0}],[{"id":0,"meta":0},{"id":0,"meta":0},{"id":0,"meta":0},{"id":0,"meta":0},{"id":0,"meta":0},{"id":0,"meta":0},{"id":0,"meta":0},{"id":0,"meta":0},{"id":0,"meta":0},{"id":0,"meta":0},{"id":0,"meta":0},{"id":0,"meta":0},{"id":0,"meta":0},{"id":0,"meta":0},{"id":0,"meta":0},{"id":0,"meta":0}],[{"id":0,"meta":0},{"id":0,"meta":0},{"id":0,"meta":0},{"id":0,"meta":0},{"id":0,"meta":0},{"id":0,"meta":0},{"id":0,"meta":0},{"id":0,"meta":0},{"id":0,"meta":0},{"id":0,"meta":0},{"id":0,"meta":0},{"id":0,"meta":0},{"id":0,"meta":0},{"id":0,"meta":0},{"id":0,"meta":0},{"id":0,"meta":0}],[{"id":0,"meta":0},{"id":0,"meta":0},{"id":0,"meta":0},{"id":0,"meta":0},{"id":0,"meta":0},{"id":0,"meta":0},{"id":0,"meta":0},{"id":0,"meta":0},{"id":0,"meta":0},{"id":0,"meta":0},{"id":0,"meta":0},{"id":0,"meta":0},{"id":0,"meta":0},{"id":0,"meta":0},{"id":0,"meta":0},{"id":0,"meta":0}],[{"id":0,"meta":0},{"id":0,"meta":0},{"id":0,"meta":0},{"id":0,"meta":0},{"id":0,"meta":0},{"id":0,"meta":0},{"id":0,"meta":0},{"id":0,"meta":0},{"id":0,"meta":0},{"id":0,"meta":0},{"id":0,"meta":0},{"id":0,"meta":0},{"id":0,"meta":0},{"id":0,"meta":0},{"id":0,"meta":0},{"id":0,"meta":0}],[{"id":0,"meta":0},{"id":0,"meta":0},{"id":0,"meta":0},{"id":0,"meta":0},{"id":0,"meta":0},{"id":0,"meta":0},{"id":0,"meta":0},{"id":0,"meta":0},{"id":0,"meta":0},{"id":0,"meta":0},{"id":0,"meta":0},{"id":0,"meta":0},{"id":0,"meta":0},{"id":0,"meta":0},{"id":0,"meta":0},{"id":0,"meta":0}],[{"id":0,"meta":0},{"id":0,"meta":0},{"id":0,"meta":0},{"id":0,"meta":0},{"id":0,"meta":0},{"id":0,"meta":0},{"id":0,"meta":0},{"id":0,"meta":0},{"id":0,"meta":0},{"id":0,"meta":0},{"id":0,"meta":0},{"id":0,"meta":0},{"id":0,"meta":0},{"id":0,"meta":0},{"id":0,"meta":0},{"id":0,"meta":0}],[{"id":0,"meta":0},{"id":0,"meta":0},{"id":0,"meta":0},{"id":0,"meta":0},{"id":0,"meta":0},{"id":0,"meta":0},{"id":0,"meta":0},{"id":0,"meta":0},{"id":0,"meta":0},{"id":0,"meta":0},{"id":0,"meta":0},{"id":0,"meta":0},{"id":0,"meta":0},{"id":0,"meta":0},{"id":0,"meta":0},{"id":0,"meta":0}],[{"id":0,"meta":0},{"id":0,"meta":0},{"id":0,"meta":0},{"id":0,"meta":0},{"id":0,"meta":0},{"id":0,"meta":0},{"id":0,"meta":0},{"id":0,"meta":0},{"id":0,"meta":0},{"id":0,"meta":0},{"id":0,"meta":0},{"id":0,"meta":0},{"id":0,"meta":0},{"id":0,"meta":0},{"id":0,"meta":0},{"id":0,"meta":0}],[{"id":0,"meta":0},{"id":0,"meta":0},{"id":0,"meta":0},{"id":0,"meta":0},{"id":0,"meta":0},{"id":0,"meta":0},{"id":0,"meta":0},{"id":0,"meta":0},{"id":0,"meta":0},{"id":0,"meta":0},{"id":0,"meta":0},{"id":0,"meta":0},{"id":0,"meta":0},{"id":0,"meta":0},{"id":0,"meta":0},{"id":0,"meta":0}],[{"id":0,"meta":0},{"id":0,"meta":0},{"id":0,"meta":0},{"id":0,"meta":0},{"id":0,"meta":0},{"id":0,"meta":0},{"id":0,"meta":0},{"id":0,"meta":0},{"id":0,"meta":0},{"id":0,"meta":0},{"id":0,"meta":0},{"id":0,"meta":0},{"id":0,"meta":0},{"id":0,"meta":0},{"id":0,"meta":0},{"id":0,"meta":0}],[{"id":0,"meta":0},{"id":0,"meta":0},{"id":0,"meta":0},{"id":0,"meta":0},{"id":0,"meta":0},{"id":0,"meta":0},{"id":0,"meta":0},{"id":0,"meta":0},{"id":0,"meta":0},{"id":0,"meta":0},{"id":0,"meta":0},{"id":0,"meta":0},{"id":0,"meta":0},{"id":0,"meta":0},{"id":0,"meta":0},{"id":0,"meta":0}],[{"id":0,"meta":0},{"id":0,"meta":0},{"id":0,"meta":0},{"id":0,"meta":0},{"id":0,"meta":0},{"id":0,"meta":0},{"id":0,"meta":0},{"id":0,"meta":0},{"id":0,"meta":0},{"id":0,"meta":0},{"id":0,"meta":0},{"id":0,"meta":0},{"id":0,"meta":0},{"id":0,"meta":0},{"id":0,"meta":0},{"id":0,"meta":0}]]]
    }