[[[{"id":108,"meta":0},{"id":108,"meta":0},{"id":108,"meta":0},{"id":108,"meta":0},{"id":108,"meta":0},{"id":108,"meta":0},{"id":108,"meta":0},{"id":108,"meta":0},{"id":108,"meta":0},{"id":108,"meta":0},{"id":108,"meta":3}],[{"id":108,"meta":2},{"id":12,"meta":0},{"id":12,"meta":0},{"id":12,"meta":0},{"id":12,"meta":0},{"id":12,"meta":0},{"id":12,"meta":0},{"id":12,"meta":0},{"id":12,"meta":0},{"id":12,"meta":0},{"id":108,"meta":3}],[{"id":108,"meta":2},{"id":12,"meta":0},{"id":12,"meta":0},{"id":12,"meta":0},{"id":12,"meta":0},{"id":12,"meta":0},{"id":12,"meta":0},{"id":12,"meta":0},{"id":12,"meta":0},{"id":12,"meta":0},{"id":108,"meta":3}],[{"id":108,"meta":2},{"id":12,"meta":0},{"id":12,"meta":0},{"id":12,"meta":0},{"id":12,"meta":0},{"id":12,"meta":0},{"id":12,"meta":0},{"id":12,"meta":0},{"id":12,"meta":0},{"id":12,"meta":0},{"id":108,"meta":3}],[{"id":108,"meta":2},{"id":12,"meta":0},{"id":12,"meta":0},{"id":12,"meta":0},{"id":12,"meta":0},{"id":12,"meta":0},{"id":12,"meta":0},{"id":12,"meta":0},{"id":12,"meta":0},{"id":12,"meta":0},{"id":108,"meta":3}],[{"id":108,"meta":2},{"id":12,"meta":0},{"id":12,"meta":0},{"id":12,"meta":0},{"id":12,"meta":0},{"id":12,"meta":0},{"id":12,"meta":0},{"id":12,"meta":0},{"id":12,"meta":0},{"id":12,"meta":0},{"id":108,"meta":3}],[{"id":108,"meta":2},{"id":12,"meta":0},{"id":12,"meta":0},{"id":12,"meta":0},{"id":12,"meta":0},{"id":12,"meta":0},{"id":12,"meta":0},{"id":12,"meta":0},{"id":12,"meta":0},{"id":12,"meta":0},{"id":108,"meta":3}],[{"id":108,"meta":2},{"id":12,"meta":0},{"id":12,"meta":0},{"id":12,"meta":0},{"id":12,"meta":0},{"id":12,"meta":0},{"id":12,"meta":0},{"id":12,"meta":0},{"id":12,"meta":0},{"id":12,"meta":0},{"id":108,"meta":3}],[{"id":108,"meta":2},{"id":12,"meta":0},{"id":12,"meta":0},{"id":12,"meta":0},{"id":12,"meta":0},{"id":12,"meta":0},{"id":12,"meta":0},{"id":12,"meta":0},{"id":12,"meta":0},{"id":12,"meta":0},{"id":108,"meta":3}],[{"id":108,"meta":2},{"id":12,"meta":0},{"id":12,"meta":0},{"id":12,"meta":0},{"id":12,"meta":0},{"id":12,"meta":0},{"id":12,"meta":0},{"id":12,"meta":0},{"id":12,"meta":0},{"id":12,"meta":0},{"id":108,"meta":3}],[{"id":108,"meta":2},{"id":108,"meta":1},{"id":108,"meta":1},{"id":108,"meta":1},{"id":108,"meta":1},{"id":108,"meta":1},{"id":108,"meta":1},{"id":108,"meta":1},{"id":108,"meta":1},{"id":108,"meta":1},{"id":108,"meta":1}]],[[{"id":0,"meta":0},{"id":0,"meta":0},{"id":0,"meta":0},{"id":0,"meta":0},{"id":0,"meta":0},{"id":0,"meta":0},{"id":0,"meta":0},{"id":0,"meta":0},{"id":0,"meta":0},{"id":0,"meta":0},{"id":0,"meta":0}],[{"id":0,"meta":0},{"id":101,"meta":0},{"id":0,"meta":0},{"id":101,"meta":0},{"id":101,"meta":0},{"id":144,"meta":1},{"id":101,"meta":0},{"id":144,"meta":1},{"id":101,"meta":0},{"id":101,"meta":0},{"id":0,"meta":0}],[{"id":0,"meta":0},{"id":101,"meta":0},{"id":55,"meta":0},{"id":0,"meta":0},{"id":0,"meta":0},{"id":0,"meta":0},{"id":55,"meta":0},{"id":0,"meta":0},{"id":0,"meta":0},{"id":101,"meta":0},{"id":0,"meta":0}],[{"id":0,"meta":0},{"id":101,"meta":0},{"id":0,"meta":0},{"id":81,"meta":0},{"id":0,"meta":0},{"id":81,"meta":0},{"id":0,"meta":0},{"id":81,"meta":0},{"id":55,"meta":0},{"id":101,"meta":0},{"id":0,"meta":0}],[{"id":0,"meta":0},{"id":101,"meta":0},{"id":0,"meta":0},{"id":0,"meta":0},{"id":0,"meta":0},{"id":55,"meta":0},{"id":0,"meta":0},{"id":0,"meta":0},{"id":0,"meta":0},{"id":101,"meta":0},{"id":0,"meta":0}],[{"id":0,"meta":0},{"id":101,"meta":0},{"id":0,"meta":0},{"id":81,"meta":0},{"id":55,"meta":0},{"id":81,"meta":0},{"id":0,"meta":0},{"id":81,"meta":0},{"id":0,"meta":0},{"id":101,"meta":0},{"id":0,"meta":0}],[{"id":0,"meta":0},{"id":101,"meta":0},{"id":0,"meta":0},{"id":0,"meta":0},{"id":144,"meta":1},{"id":0,"meta":0},{"id":0,"meta":0},{"id":55,"meta":0},{"id":144,"meta":1},{"id":101,"meta":0},{"id":0,"meta":0}],[{"id":0,"meta":0},{"id":0,"meta":0},{"id":55,"meta":0},{"id":81,"meta":0},{"id":0,"meta":0},{"id":81,"meta":0},{"id":0,"meta":0},{"id":81,"meta":0},{"id":0,"meta":0},{"id":101,"meta":0},{"id":0,"meta":0}],[{"id":0,"meta":0},{"id":101,"meta":0},{"id":0,"meta":0},{"id":0,"meta":0},{"id":0,"meta":0},{"id":55,"meta":0},{"id":0,"meta":0},{"id":0,"meta":0},{"id":0,"meta":0},{"id":101,"meta":0},{"id":0,"meta":0}],[{"id":0,"meta":0},{"id":101,"meta":0},{"id":101,"meta":0},{"id":101,"meta":0},{"id":101,"meta":0},{"id":101,"meta":0},{"id":101,"meta":0},{"id":144,"meta":1},{"id":101,"meta":0},{"id":101,"meta":0},{"id":0,"meta":0}],[{"id":0,"meta":0},{"id":0,"meta":0},{"id":0,"meta":0},{"id":0,"meta":0},{"id":0,"meta":0},{"id":0,"meta":0},{"id":0,"meta":0},{"id":0,"meta":0},{"id":0,"meta":0},{"id":0,"meta":0},{"id":0,"meta":0}]],[[{"id":0,"meta":0},{"id":0,"meta":0},{"id":0,"meta":0},{"id":0,"meta":0},{"id":0,"meta":0},{"id":0,"meta":0},{"id":0,"meta":0},{"id":0,"meta":0},{"id":0,"meta":0},{"id":0,"meta":0},{"id":0,"meta":0}],[{"id":0,"meta":0},{"id":101,"meta":0},{"id":101,"meta":0},{"id":101,"meta":0},{"id":101,"meta":0},{"id":0,"meta":0},{"id":101,"meta":0},{"id":101,"meta":0},{"id":101,"meta":0},{"id":101,"meta":0},{"id":0,"meta":0}],[{"id":0,"meta":0},{"id":101,"meta":0},{"id":0,"meta":0},{"id":0,"meta":0},{"id":0,"meta":0},{"id":0,"meta":0},{"id":0,"meta":0},{"id":0,"meta":0},{"id":0,"meta":0},{"id":144,"meta":1},{"id":0,"meta":0}],[{"id":0,"meta":0},{"id":144,"meta":1},{"id":0,"meta":0},{"id":81,"meta":0},{"id":0,"meta":0},{"id":81,"meta":0},{"id":0,"meta":0},{"id":81,"meta":0},{"id":0,"meta":0},{"id":101,"meta":0},{"id":0,"meta":0}],[{"id":0,"meta":0},{"id":101,"meta":0},{"id":0,"meta":0},{"id":0,"meta":0},{"id":0,"meta":0},{"id":0,"meta":0},{"id":0,"meta":0},{"id":0,"meta":0},{"id":0,"meta":0},{"id":101,"meta":0},{"id":0,"meta":0}],[{"id":0,"meta":0},{"id":101,"meta":0},{"id":0,"meta":0},{"id":81,"meta":0},{"id":0,"meta":0},{"id":81,"meta":0},{"id":0,"meta":0},{"id":81,"meta":0},{"id":0,"meta":0},{"id":0,"meta":0},{"id":0,"meta":0}],[{"id":0,"meta":0},{"id":101,"meta":0},{"id":0,"meta":0},{"id":0,"meta":0},{"id":0,"meta":0},{"id":0,"meta":0},{"id":0,"meta":0},{"id":0,"meta":0},{"id":0,"meta":0},{"id":101,"meta":0},{"id":0,"meta":0}],[{"id":0,"meta":0},{"id":101,"meta":0},{"id":0,"meta":0},{"id":81,"meta":0},{"id":0,"meta":0},{"id":81,"meta":0},{"id":0,"meta":0},{"id":81,"meta":0},{"id":0,"meta":0},{"id":101,"meta":0},{"id":0,"meta":0}],[{"id":0,"meta":0},{"id":101,"meta":0},{"id":0,"meta":0},{"id":0,"meta":0},{"id":0,"meta":0},{"id":0,"meta":0},{"id":0,"meta":0},{"id":0,"meta":0},{"id":0,"meta":0},{"id":101,"meta":0},{"id":0,"meta":0}],[{"id":0,"meta":0},{"id":101,"meta":0},{"id":101,"meta":0},{"id":0,"meta":0},{"id":101,"meta":0},{"id":101,"meta":0},{"id":101,"meta":0},{"id":101,"meta":0},{"id":101,"meta":0},{"id":101,"meta":0},{"id":0,"meta":0}],[{"id":0,"meta":0},{"id":0,"meta":0},{"id":0,"meta":0},{"id":0,"meta":0},{"id":0,"meta":0},{"id":0,"meta":0},{"id":0,"meta":0},{"id":0,"meta":0},{"id":0,"meta":0},{"id":0,"meta":0},{"id":0,"meta":0}]],[[{"id":0,"meta":0},{"id":0,"meta":0},{"id":0,"meta":0},{"id":0,"meta":0},{"id":0,"meta":0},{"id":0,"meta":0},{"id":0,"meta":0},{"id":0,"meta":0},{"id":0,"meta":0},{"id":0,"meta":0},{"id":0,"meta":0}],[{"id":0,"meta":0},{"id":44,"meta":4},{"id":44,"meta":4},{"id":44,"meta":4},{"id":44,"meta":4},{"id":44,"meta":4},{"id":44,"meta":4},{"id":44,"meta":4},{"id":44,"meta":4},{"id":44,"meta":4},{"id":0,"meta":0}],[{"id":0,"meta":0},{"id":44,"meta":4},{"id":0,"meta":0},{"id":0,"meta":0},{"id":0,"meta":0},{"id":0,"meta":0},{"id":0,"meta":0},{"id":0,"meta":0},{"id":0,"meta":0},{"id":44,"meta":4},{"id":0,"meta":0}],[{"id":0,"meta":0},{"id":44,"meta":4},{"id":0,"meta":0},{"id":81,"meta":0},{"id":0,"meta":0},{"id":81,"meta":0},{"id":0,"meta":0},{"id":81,"meta":0},{"id":0,"meta":0},{"id":0,"meta":0},{"id":0,"meta":0}],[{"id":0,"meta":0},{"id":0,"meta":0},{"id":0,"meta":0},{"id":0,"meta":0},{"id":0,"meta":0},{"id":0,"meta":0},{"id":0,"meta":0},{"id":0,"meta":0},{"id":0,"meta":0},{"id":44,"meta":4},{"id":0,"meta":0}],[{"id":0,"meta":0},{"id":44,"meta":4},{"id":0,"meta":0},{"id":81,"meta":0},{"id":0,"meta":0},{"id":81,"meta":0},{"id":0,"meta":0},{"id":81,"meta":0},{"id":0,"meta":0},{"id":44,"meta":4},{"id":0,"meta":0}],[{"id":0,"meta":0},{"id":44,"meta":4},{"id":0,"meta":0},{"id":0,"meta":0},{"id":0,"meta":0},{"id":0,"meta":0},{"id":0,"meta":0},{"id":0,"meta":0},{"id":0,"meta":0},{"id":44,"meta":4},{"id":0,"meta":0}],[{"id":0,"meta":0},{"id":44,"meta":4},{"id":0,"meta":0},{"id":81,"meta":0},{"id":0,"meta":0},{"id":81,"meta":0},{"id":0,"meta":0},{"id":81,"meta":0},{"id":0,"meta":0},{"id":44,"meta":4},{"id":0,"meta":0}],[{"id":0,"meta":0},{"id":0,"meta":0},{"id":0,"meta":0},{"id":0,"meta":0},{"id":0,"meta":0},{"id":0,"meta":0},{"id":0,"meta":0},{"id":0,"meta":0},{"id":0,"meta":0},{"id":44,"meta":4},{"id":0,"meta":0}],[{"id":0,"meta":0},{"id":44,"meta":4},{"id":44,"meta":4},{"id":44,"meta":4},{"id":44,"meta":4},{"id":44,"meta":4},{"id":44,"meta":4},{"id":0,"meta":0},{"id":44,"meta":4},{"id":44,"meta":4},{"id":0,"meta":0}],[{"id":0,"meta":0},{"id":0,"meta":0},{"id":0,"meta":0},{"id":0,"meta":0},{"id":0,"meta":0},{"id":0,"meta":0},{"id":0,"meta":0},{"id":0,"meta":0},{"id":0,"meta":0},{"id":0,"meta":0},{"id":0,"meta":0}]],[[{"id":0,"meta":0},{"id":0,"meta":0},{"id":0,"meta":0},{"id":0,"meta":0},{"id":0,"meta":0},{"id":0,"meta":0},{"id":0,"meta":0},{"id":0,"meta":0},{"id":0,"meta":0},{"id":0,"meta":0},{"id":0,"meta":0}],[{"id":0,"meta":0},{"id":0,"meta":0},{"id":0,"meta":0},{"id":0,"meta":0},{"id":0,"meta":0},{"id":0,"meta":0},{"id":0,"meta":0},{"id":0,"meta":0},{"id":0,"meta":0},{"id":0,"meta":0},{"id":0,"meta":0}],[{"id":0,"meta":0},{"id":0,"meta":0},{"id":0,"meta":0},{"id":0,"meta":0},{"id":0,"meta":0},{"id":0,"meta":0},{"id":0,"meta":0},{"id":0,"meta":0},{"id":0,"meta":0},{"id":0,"meta":0},{"id":0,"meta":0}],[{"id":0,"meta":0},{"id":0,"meta":0},{"id":0,"meta":0},{"id":0,"meta":0},{"id":0,"meta":0},{"id":0,"meta":0},{"id":0,"meta":0},{"id":0,"meta":0},{"id":0,"meta":0},{"id":0,"meta":0},{"id":0,"meta":0}],[{"id":0,"meta":0},{"id":0,"meta":0},{"id":0,"meta":0},{"id":0,"meta":0},{"id":0,"meta":0},{"id":0,"meta":0},{"id":0,"meta":0},{"id":0,"meta":0},{"id":0,"meta":0},{"id":0,"meta":0},{"id":0,"meta":0}],[{"id":0,"meta":0},{"id":0,"meta":0},{"id":0,"meta":0},{"id":0,"meta":0},{"id":0,"meta":0},{"id":0,"meta":0},{"id":0,"meta":0},{"id":0,"meta":0},{"id":0,"meta":0},{"id":0,"meta":0},{"id":0,"meta":0}],[{"id":0,"meta":0},{"id":0,"meta":0},{"id":0,"meta":0},{"id":0,"meta":0},{"id":0,"meta":0},{"id":0,"meta":0},{"id":0,"meta":0},{"id":0,"meta":0},{"id":0,"meta":0},{"id":0,"meta":0},{"id":0,"meta":0}],[{"id":0,"meta":0},{"id":0,"meta":0},{"id":0,"meta":0},{"id":0,"meta":0},{"id":0,"meta":0},{"id":0,"meta":0},{"id":0,"meta":0},{"id":0,"meta":0},{"id":0,"meta":0},{"id":0,"meta":0},{"id":0,"meta":0}],[{"id":0,"meta":0},{"id":0,"meta":0},{"id":0,"meta":0},{"id":0,"meta":0},{"id":0,"meta":0},{"id":0,"meta":0},{"id":0,"meta":0},{"id":0,"meta":0},{"id":0,"meta":0},{"id":0,"meta":0},{"id":0,"meta":0}],[{"id":0,"meta":0},{"id":0,"meta":0},{"id":0,"meta":0},{"id":0,"meta":0},{"id":0,"meta":0},{"id":0,"meta":0},{"id":0,"meta":0},{"id":0,"meta":0},{"id":0,"meta":0},{"id":0,"meta":0},{"id":0,"meta":0}],[{"id":0,"meta":0},{"id":0,"meta":0},{"id":0,"meta":0},{"id":0,"meta":0},{"id":0,"meta":0},{"id":0,"meta":0},{"id":0,"meta":0},{"id":0,"meta":0},{"id":0,"meta":0},{"id":0,"meta":0},{"id":0,"meta":0}]]]