{
    "loot": [
    {
            "id": 3,
            "meta": 0,
            "rarity": 0.65,
            "count": {
                "min": 1,
                "max": 9
            }
        },
    {
            "id": 31,
            "meta": 0,
            "rarity": 0.69,
            "count": {
                "min": 1,
                "max": 6
            }
        },
    {
            "id": 32,
            "meta": 0,
            "rarity": 0.7,
            "count": {
                "min": 1,
                "max": 9
            }
        },
    {
            "id": 295,
            "meta": 0,
            "rarity": 0.56,
            "count": {
                "min": 1,
                "max": 17
            }
        },
    {
            "id": 339,
            "meta": 0,
            "rarity": 0.45,
            "count": {
                "min": 1,
                "max": 23
            }
        },
    {
            "id": 340,
            "meta": 0,
            "rarity": 0.33,
            "count": {
                "min": 1,
                "max": 7
            }
        },
  {
            "id": 296,
            "meta": 0,
            "rarity": 1,
            "count": {
                "min": 3,
                "max": 19
            }
        },
  {
            "id": 297,
            "meta": 0,
            "rarity": 1,
            "count": {
                "min": 5,
                "max": 25
            }
        },
  {
            "id": 256,
            "meta": 0,
            "rarity": 0.5,
            "count": {
                "min": 1,
                "max": 1
            }
        },
  {
            "id": 354,
            "meta": 0,
            "rarity": 0.17,
            "count": {
                "min": 1,
                "max": 1
            }
        },
  {
            "id": 357,
            "meta": 0,
            "rarity": 0.99,
            "count": {
                "min": 15,
                "max": 20
            }
        },
  {
            "id": 335,
            "meta": 0,
            "rarity": 0.33,
            "count": {
                "min": 1,
                "max": 1
            }
        },
  {
            "id": 335,
            "meta": 0,
            "rarity": 0.33,
            "count": {
                "min": 1,
                "max": 1
            }
        }
    ],
    "blocks":[[[{"id":0,"meta":0},{"id":0,"meta":0},{"id":0,"meta":0},{"id":0,"meta":0},{"id":0,"meta":0},{"id":0,"meta":0},{"id":0,"meta":0},{"id":30,"meta":0},{"id":0,"meta":0},{"id":0,"meta":0},{"id":0,"meta":0},{"id":0,"meta":0}],[{"id":0,"meta":0},{"id":30,"meta":0},{"id":0,"meta":0},{"id":45,"meta":0},{"id":45,"meta":0},{"id":45,"meta":0},{"id":45,"meta":0},{"id":45,"meta":0},{"id":45,"meta":0},{"id":45,"meta":0},{"id":45,"meta":0},{"id":0,"meta":0}],[{"id":0,"meta":0},{"id":45,"meta":0},{"id":45,"meta":0},{"id":45,"meta":0},{"id":45,"meta":0},{"id":45,"meta":0},{"id":45,"meta":0},{"id":45,"meta":0},{"id":45,"meta":0},{"id":45,"meta":0},{"id":45,"meta":0},{"id":0,"meta":0}],[{"id":30,"meta":0},{"id":45,"meta":0},{"id":45,"meta":0},{"id":45,"meta":0},{"id":45,"meta":0},{"id":45,"meta":0},{"id":45,"meta":0},{"id":45,"meta":0},{"id":45,"meta":0},{"id":45,"meta":0},{"id":45,"meta":0},{"id":0,"meta":0}],[{"id":0,"meta":0},{"id":45,"meta":0},{"id":45,"meta":0},{"id":45,"meta":0},{"id":45,"meta":0},{"id":45,"meta":0},{"id":45,"meta":0},{"id":45,"meta":0},{"id":45,"meta":0},{"id":45,"meta":0},{"id":45,"meta":0},{"id":30,"meta":0}],[{"id":0,"meta":0},{"id":45,"meta":0},{"id":45,"meta":0},{"id":45,"meta":0},{"id":45,"meta":0},{"id":45,"meta":0},{"id":45,"meta":0},{"id":45,"meta":0},{"id":45,"meta":0},{"id":45,"meta":0},{"id":45,"meta":0},{"id":0,"meta":0}],[{"id":0,"meta":0},{"id":45,"meta":0},{"id":45,"meta":0},{"id":45,"meta":0},{"id":45,"meta":0},{"id":45,"meta":0},{"id":45,"meta":0},{"id":45,"meta":0},{"id":18,"meta":8},{"id":18,"meta":8},{"id":18,"meta":8},{"id":0,"meta":0}],[{"id":0,"meta":0},{"id":45,"meta":0},{"id":45,"meta":0},{"id":45,"meta":0},{"id":45,"meta":0},{"id":45,"meta":0},{"id":45,"meta":0},{"id":45,"meta":0},{"id":18,"meta":8},{"id":18,"meta":8},{"id":0,"meta":0},{"id":0,"meta":0}],[{"id":0,"meta":0},{"id":45,"meta":0},{"id":45,"meta":0},{"id":45,"meta":0},{"id":45,"meta":0},{"id":45,"meta":0},{"id":45,"meta":0},{"id":45,"meta":0},{"id":18,"meta":8},{"id":0,"meta":0},{"id":0,"meta":0},{"id":0,"meta":0}],[{"id":0,"meta":0},{"id":45,"meta":0},{"id":45,"meta":0},{"id":45,"meta":0},{"id":45,"meta":0},{"id":45,"meta":0},{"id":45,"meta":0},{"id":45,"meta":0},{"id":0,"meta":0},{"id":0,"meta":0},{"id":0,"meta":0},{"id":0,"meta":0}],[{"id":0,"meta":0},{"id":45,"meta":0},{"id":45,"meta":0},{"id":45,"meta":0},{"id":45,"meta":0},{"id":45,"meta":0},{"id":45,"meta":0},{"id":45,"meta":0},{"id":0,"meta":0},{"id":0,"meta":0},{"id":0,"meta":0},{"id":0,"meta":0}],[{"id":0,"meta":0},{"id":0,"meta":0},{"id":101,"meta":0},{"id":108,"meta":2},{"id":108,"meta":1},{"id":108,"meta":3},{"id":101,"meta":0},{"id":0,"meta":0},{"id":0,"meta":0},{"id":0,"meta":0},{"id":0,"meta":0},{"id":0,"meta":0}]],[[{"id":0,"meta":0},{"id":0,"meta":0},{"id":0,"meta":0},{"id":0,"meta":0},{"id":0,"meta":0},{"id":0,"meta":0},{"id":0,"meta":0},{"id":0,"meta":0},{"id":0,"meta":0},{"id":0,"meta":0},{"id":0,"meta":0},{"id":0,"meta":0}],[{"id":0,"meta":0},{"id":0,"meta":0},{"id":0,"meta":0},{"id":45,"meta":0},{"id":45,"meta":0},{"id":45,"meta":0},{"id":45,"meta":0},{"id":45,"meta":0},{"id":45,"meta":0},{"id":45,"meta":0},{"id":45,"meta":0},{"id":0,"meta":0}],[{"id":0,"meta":0},{"id":45,"meta":0},{"id":45,"meta":0},{"id":45,"meta":0},{"id":61,"meta":5},{"id":61,"meta":5},{"id":61,"meta":5},{"id":55,"meta":0},{"id":108,"meta":6},{"id":11,"meta":0},{"id":45,"meta":0},{"id":0,"meta":0}],[{"id":0,"meta":0},{"id":45,"meta":0},{"id":54,"meta":5},{"id":54,"meta":5},{"id":55,"meta":0},{"id":0,"meta":0},{"id":0,"meta":0},{"id":144,"meta":1},{"id":108,"meta":6},{"id":11,"meta":0},{"id":45,"meta":0},{"id":0,"meta":0}],[{"id":0,"meta":0},{"id":45,"meta":0},{"id":0,"meta":0},{"id":0,"meta":0},{"id":0,"meta":0},{"id":0,"meta":0},{"id":55,"meta":0},{"id":0,"meta":0},{"id":108,"meta":6},{"id":11,"meta":0},{"id":45,"meta":0},{"id":0,"meta":0}],[{"id":0,"meta":0},{"id":45,"meta":0},{"id":108,"meta":5},{"id":108,"meta":5},{"id":108,"meta":5},{"id":108,"meta":5},{"id":184,"meta":1},{"id":45,"meta":0},{"id":45,"meta":0},{"id":45,"meta":0},{"id":45,"meta":0},{"id":0,"meta":0}],[{"id":0,"meta":0},{"id":45,"meta":0},{"id":30,"meta":0},{"id":0,"meta":0},{"id":0,"meta":0},{"id":0,"meta":0},{"id":0,"meta":0},{"id":45,"meta":0},{"id":18,"meta":8},{"id":18,"meta":8},{"id":0,"meta":0},{"id":0,"meta":0}],[{"id":0,"meta":0},{"id":45,"meta":0},{"id":0,"meta":0},{"id":55,"meta":0},{"id":0,"meta":0},{"id":55,"meta":0},{"id":144,"meta":1},{"id":45,"meta":0},{"id":18,"meta":8},{"id":0,"meta":0},{"id":0,"meta":0},{"id":0,"meta":0}],[{"id":0,"meta":0},{"id":45,"meta":0},{"id":0,"meta":0},{"id":0,"meta":0},{"id":0,"meta":0},{"id":0,"meta":0},{"id":0,"meta":0},{"id":45,"meta":0},{"id":0,"meta":0},{"id":0,"meta":0},{"id":0,"meta":0},{"id":0,"meta":0}],[{"id":0,"meta":0},{"id":45,"meta":0},{"id":55,"meta":0},{"id":0,"meta":0},{"id":0,"meta":0},{"id":0,"meta":0},{"id":30,"meta":0},{"id":45,"meta":0},{"id":0,"meta":0},{"id":0,"meta":0},{"id":0,"meta":0},{"id":0,"meta":0}],[{"id":0,"meta":0},{"id":45,"meta":0},{"id":45,"meta":0},{"id":45,"meta":0},{"id":194,"meta":6},{"id":45,"meta":0},{"id":45,"meta":0},{"id":45,"meta":0},{"id":0,"meta":0},{"id":0,"meta":0},{"id":0,"meta":0},{"id":0,"meta":0}],[{"id":0,"meta":0},{"id":0,"meta":0},{"id":101,"meta":0},{"id":0,"meta":0},{"id":0,"meta":0},{"id":0,"meta":0},{"id":101,"meta":0},{"id":0,"meta":0},{"id":0,"meta":0},{"id":0,"meta":0},{"id":0,"meta":0},{"id":0,"meta":0}]],[[{"id":0,"meta":0},{"id":0,"meta":0},{"id":0,"meta":0},{"id":0,"meta":0},{"id":0,"meta":0},{"id":0,"meta":0},{"id":0,"meta":0},{"id":0,"meta":0},{"id":0,"meta":0},{"id":0,"meta":0},{"id":0,"meta":0},{"id":0,"meta":0}],[{"id":0,"meta":0},{"id":0,"meta":0},{"id":30,"meta":0},{"id":45,"meta":0},{"id":45,"meta":0},{"id":45,"meta":0},{"id":45,"meta":0},{"id":45,"meta":0},{"id":45,"meta":0},{"id":45,"meta":0},{"id":45,"meta":0},{"id":0,"meta":0}],[{"id":0,"meta":0},{"id":45,"meta":0},{"id":45,"meta":0},{"id":45,"meta":0},{"id":96,"meta":0},{"id":96,"meta":0},{"id":96,"meta":0},{"id":0,"meta":0},{"id":101,"meta":0},{"id":0,"meta":0},{"id":45,"meta":0},{"id":0,"meta":0}],[{"id":0,"meta":0},{"id":45,"meta":0},{"id":0,"meta":0},{"id":0,"meta":0},{"id":0,"meta":0},{"id":0,"meta":0},{"id":0,"meta":0},{"id":0,"meta":0},{"id":0,"meta":0},{"id":0,"meta":0},{"id":45,"meta":0},{"id":0,"meta":0}],[{"id":0,"meta":0},{"id":45,"meta":0},{"id":0,"meta":0},{"id":0,"meta":0},{"id":0,"meta":0},{"id":0,"meta":0},{"id":0,"meta":0},{"id":0,"meta":0},{"id":101,"meta":0},{"id":0,"meta":0},{"id":45,"meta":0},{"id":0,"meta":0}],[{"id":0,"meta":0},{"id":45,"meta":0},{"id":101,"meta":0},{"id":144,"meta":1},{"id":0,"meta":0},{"id":30,"meta":0},{"id":0,"meta":0},{"id":45,"meta":0},{"id":45,"meta":0},{"id":45,"meta":0},{"id":45,"meta":0},{"id":0,"meta":0}],[{"id":0,"meta":0},{"id":20,"meta":0},{"id":0,"meta":0},{"id":0,"meta":0},{"id":0,"meta":0},{"id":0,"meta":0},{"id":0,"meta":0},{"id":20,"meta":0},{"id":18,"meta":8},{"id":0,"meta":0},{"id":0,"meta":0},{"id":0,"meta":0}],[{"id":0,"meta":0},{"id":30,"meta":0},{"id":0,"meta":0},{"id":0,"meta":0},{"id":0,"meta":0},{"id":0,"meta":0},{"id":0,"meta":0},{"id":20,"meta":0},{"id":0,"meta":0},{"id":0,"meta":0},{"id":0,"meta":0},{"id":0,"meta":0}],[{"id":0,"meta":0},{"id":20,"meta":0},{"id":0,"meta":0},{"id":0,"meta":0},{"id":0,"meta":0},{"id":0,"meta":0},{"id":0,"meta":0},{"id":0,"meta":0},{"id":0,"meta":0},{"id":0,"meta":0},{"id":0,"meta":0},{"id":0,"meta":0}],[{"id":0,"meta":0},{"id":45,"meta":0},{"id":30,"meta":0},{"id":0,"meta":0},{"id":0,"meta":0},{"id":0,"meta":0},{"id":0,"meta":0},{"id":45,"meta":0},{"id":0,"meta":0},{"id":0,"meta":0},{"id":0,"meta":0},{"id":0,"meta":0}],[{"id":0,"meta":0},{"id":45,"meta":0},{"id":45,"meta":0},{"id":45,"meta":0},{"id":194,"meta":8},{"id":45,"meta":0},{"id":45,"meta":0},{"id":45,"meta":0},{"id":0,"meta":0},{"id":0,"meta":0},{"id":0,"meta":0},{"id":0,"meta":0}],[{"id":0,"meta":0},{"id":0,"meta":0},{"id":101,"meta":0},{"id":0,"meta":0},{"id":0,"meta":0},{"id":0,"meta":0},{"id":101,"meta":0},{"id":0,"meta":0},{"id":0,"meta":0},{"id":0,"meta":0},{"id":0,"meta":0},{"id":0,"meta":0}]],[[{"id":0,"meta":0},{"id":0,"meta":0},{"id":0,"meta":0},{"id":0,"meta":0},{"id":0,"meta":0},{"id":0,"meta":0},{"id":0,"meta":0},{"id":0,"meta":0},{"id":0,"meta":0},{"id":0,"meta":0},{"id":0,"meta":0},{"id":0,"meta":0}],[{"id":0,"meta":0},{"id":0,"meta":0},{"id":0,"meta":0},{"id":45,"meta":0},{"id":45,"meta":0},{"id":45,"meta":0},{"id":45,"meta":0},{"id":45,"meta":0},{"id":45,"meta":0},{"id":45,"meta":0},{"id":45,"meta":0},{"id":0,"meta":0}],[{"id":0,"meta":0},{"id":45,"meta":0},{"id":45,"meta":0},{"id":45,"meta":0},{"id":30,"meta":0},{"id":0,"meta":0},{"id":0,"meta":0},{"id":0,"meta":0},{"id":44,"meta":4},{"id":0,"meta":0},{"id":45,"meta":0},{"id":0,"meta":0}],[{"id":0,"meta":0},{"id":45,"meta":0},{"id":0,"meta":0},{"id":0,"meta":0},{"id":0,"meta":0},{"id":0,"meta":0},{"id":0,"meta":0},{"id":0,"meta":0},{"id":44,"meta":4},{"id":0,"meta":0},{"id":45,"meta":0},{"id":0,"meta":0}],[{"id":0,"meta":0},{"id":45,"meta":0},{"id":0,"meta":0},{"id":0,"meta":0},{"id":0,"meta":0},{"id":0,"meta":0},{"id":0,"meta":0},{"id":0,"meta":0},{"id":44,"meta":4},{"id":0,"meta":0},{"id":45,"meta":0},{"id":0,"meta":0}],[{"id":0,"meta":0},{"id":45,"meta":0},{"id":43,"meta":4},{"id":43,"meta":4},{"id":43,"meta":4},{"id":43,"meta":4},{"id":43,"meta":4},{"id":45,"meta":0},{"id":45,"meta":0},{"id":45,"meta":0},{"id":45,"meta":0},{"id":0,"meta":0}],[{"id":0,"meta":0},{"id":20,"meta":0},{"id":0,"meta":0},{"id":0,"meta":0},{"id":0,"meta":0},{"id":0,"meta":0},{"id":0,"meta":0},{"id":0,"meta":0},{"id":0,"meta":0},{"id":0,"meta":0},{"id":0,"meta":0},{"id":0,"meta":0}],[{"id":0,"meta":0},{"id":20,"meta":0},{"id":0,"meta":0},{"id":0,"meta":0},{"id":0,"meta":0},{"id":0,"meta":0},{"id":0,"meta":0},{"id":20,"meta":0},{"id":0,"meta":0},{"id":0,"meta":0},{"id":0,"meta":0},{"id":0,"meta":0}],[{"id":0,"meta":0},{"id":0,"meta":0},{"id":0,"meta":0},{"id":0,"meta":0},{"id":0,"meta":0},{"id":0,"meta":0},{"id":0,"meta":0},{"id":20,"meta":0},{"id":0,"meta":0},{"id":0,"meta":0},{"id":0,"meta":0},{"id":0,"meta":0}],[{"id":0,"meta":0},{"id":45,"meta":0},{"id":0,"meta":0},{"id":0,"meta":0},{"id":0,"meta":0},{"id":0,"meta":0},{"id":0,"meta":0},{"id":45,"meta":0},{"id":0,"meta":0},{"id":0,"meta":0},{"id":0,"meta":0},{"id":0,"meta":0}],[{"id":0,"meta":0},{"id":45,"meta":0},{"id":45,"meta":0},{"id":45,"meta":0},{"id":45,"meta":0},{"id":45,"meta":0},{"id":45,"meta":0},{"id":45,"meta":0},{"id":0,"meta":0},{"id":0,"meta":0},{"id":0,"meta":0},{"id":0,"meta":0}],[{"id":0,"meta":0},{"id":0,"meta":0},{"id":101,"meta":0},{"id":108,"meta":6},{"id":108,"meta":5},{"id":108,"meta":7},{"id":101,"meta":0},{"id":0,"meta":0},{"id":0,"meta":0},{"id":0,"meta":0},{"id":0,"meta":0},{"id":0,"meta":0}]],[[{"id":0,"meta":0},{"id":0,"meta":0},{"id":0,"meta":0},{"id":0,"meta":0},{"id":0,"meta":0},{"id":0,"meta":0},{"id":0,"meta":0},{"id":0,"meta":0},{"id":0,"meta":0},{"id":30,"meta":0},{"id":0,"meta":0},{"id":0,"meta":0}],[{"id":0,"meta":0},{"id":0,"meta":0},{"id":0,"meta":0},{"id":45,"meta":0},{"id":45,"meta":0},{"id":45,"meta":0},{"id":45,"meta":0},{"id":45,"meta":0},{"id":45,"meta":0},{"id":45,"meta":0},{"id":45,"meta":0},{"id":0,"meta":0}],[{"id":0,"meta":0},{"id":45,"meta":0},{"id":45,"meta":0},{"id":45,"meta":0},{"id":0,"meta":0},{"id":0,"meta":0},{"id":0,"meta":0},{"id":0,"meta":0},{"id":0,"meta":0},{"id":30,"meta":0},{"id":45,"meta":0},{"id":0,"meta":0}],[{"id":0,"meta":0},{"id":45,"meta":0},{"id":0,"meta":0},{"id":0,"meta":0},{"id":0,"meta":0},{"id":0,"meta":0},{"id":0,"meta":0},{"id":0,"meta":0},{"id":0,"meta":0},{"id":0,"meta":0},{"id":45,"meta":0},{"id":0,"meta":0}],[{"id":0,"meta":0},{"id":45,"meta":0},{"id":0,"meta":0},{"id":0,"meta":0},{"id":0,"meta":0},{"id":0,"meta":0},{"id":0,"meta":0},{"id":0,"meta":0},{"id":0,"meta":0},{"id":0,"meta":0},{"id":45,"meta":0},{"id":0,"meta":0}],[{"id":0,"meta":0},{"id":45,"meta":0},{"id":108,"meta":1},{"id":108,"meta":1},{"id":108,"meta":1},{"id":108,"meta":1},{"id":108,"meta":1},{"id":45,"meta":0},{"id":45,"meta":0},{"id":45,"meta":0},{"id":45,"meta":0},{"id":0,"meta":0}],[{"id":0,"meta":0},{"id":45,"meta":0},{"id":0,"meta":0},{"id":0,"meta":0},{"id":0,"meta":0},{"id":0,"meta":0},{"id":0,"meta":0},{"id":45,"meta":0},{"id":30,"meta":0},{"id":0,"meta":0},{"id":0,"meta":0},{"id":0,"meta":0}],[{"id":0,"meta":0},{"id":45,"meta":0},{"id":0,"meta":0},{"id":0,"meta":0},{"id":0,"meta":0},{"id":0,"meta":0},{"id":0,"meta":0},{"id":45,"meta":0},{"id":0,"meta":0},{"id":0,"meta":0},{"id":0,"meta":0},{"id":0,"meta":0}],[{"id":0,"meta":0},{"id":45,"meta":0},{"id":0,"meta":0},{"id":0,"meta":0},{"id":0,"meta":0},{"id":0,"meta":0},{"id":0,"meta":0},{"id":45,"meta":0},{"id":0,"meta":0},{"id":0,"meta":0},{"id":0,"meta":0},{"id":0,"meta":0}],[{"id":0,"meta":0},{"id":45,"meta":0},{"id":0,"meta":0},{"id":0,"meta":0},{"id":0,"meta":0},{"id":0,"meta":0},{"id":30,"meta":0},{"id":45,"meta":0},{"id":0,"meta":0},{"id":0,"meta":0},{"id":0,"meta":0},{"id":0,"meta":0}],[{"id":0,"meta":0},{"id":45,"meta":0},{"id":45,"meta":0},{"id":45,"meta":0},{"id":45,"meta":0},{"id":45,"meta":0},{"id":45,"meta":0},{"id":45,"meta":0},{"id":0,"meta":0},{"id":0,"meta":0},{"id":0,"meta":0},{"id":0,"meta":0}],[{"id":0,"meta":0},{"id":0,"meta":0},{"id":0,"meta":0},{"id":0,"meta":0},{"id":0,"meta":0},{"id":0,"meta":0},{"id":0,"meta":0},{"id":0,"meta":0},{"id":0,"meta":0},{"id":0,"meta":0},{"id":0,"meta":0},{"id":0,"meta":0}]],[[{"id":0,"meta":0},{"id":0,"meta":0},{"id":0,"meta":0},{"id":0,"meta":0},{"id":0,"meta":0},{"id":0,"meta":0},{"id":0,"meta":0},{"id":0,"meta":0},{"id":0,"meta":0},{"id":0,"meta":0},{"id":0,"meta":0},{"id":0,"meta":0}],[{"id":0,"meta":0},{"id":0,"meta":0},{"id":0,"meta":0},{"id":44,"meta":4},{"id":108,"meta":0},{"id":108,"meta":0},{"id":108,"meta":0},{"id":108,"meta":0},{"id":108,"meta":0},{"id":108,"meta":0},{"id":44,"meta":4},{"id":0,"meta":0}],[{"id":0,"meta":0},{"id":44,"meta":4},{"id":108,"meta":0},{"id":108,"meta":2},{"id":44,"meta":12},{"id":0,"meta":0},{"id":30,"meta":0},{"id":0,"meta":0},{"id":0,"meta":0},{"id":44,"meta":12},{"id":108,"meta":3},{"id":0,"meta":0}],[{"id":0,"meta":0},{"id":108,"meta":2},{"id":44,"meta":12},{"id":0,"meta":0},{"id":0,"meta":0},{"id":0,"meta":0},{"id":0,"meta":0},{"id":0,"meta":0},{"id":0,"meta":0},{"id":30,"meta":0},{"id":108,"meta":3},{"id":0,"meta":0}],[{"id":0,"meta":0},{"id":108,"meta":2},{"id":30,"meta":0},{"id":0,"meta":0},{"id":0,"meta":0},{"id":0,"meta":0},{"id":30,"meta":0},{"id":0,"meta":0},{"id":0,"meta":0},{"id":44,"meta":12},{"id":108,"meta":3},{"id":0,"meta":0}],[{"id":0,"meta":0},{"id":108,"meta":2},{"id":44,"meta":12},{"id":44,"meta":12},{"id":44,"meta":12},{"id":44,"meta":12},{"id":44,"meta":12},{"id":108,"meta":1},{"id":108,"meta":1},{"id":108,"meta":1},{"id":44,"meta":4},{"id":0,"meta":0}],[{"id":0,"meta":0},{"id":108,"meta":2},{"id":30,"meta":0},{"id":0,"meta":0},{"id":0,"meta":0},{"id":0,"meta":0},{"id":30,"meta":0},{"id":108,"meta":3},{"id":0,"meta":0},{"id":0,"meta":0},{"id":0,"meta":0},{"id":0,"meta":0}],[{"id":0,"meta":0},{"id":108,"meta":2},{"id":0,"meta":0},{"id":0,"meta":0},{"id":0,"meta":0},{"id":0,"meta":0},{"id":0,"meta":0},{"id":108,"meta":3},{"id":0,"meta":0},{"id":0,"meta":0},{"id":0,"meta":0},{"id":0,"meta":0}],[{"id":0,"meta":0},{"id":108,"meta":2},{"id":30,"meta":0},{"id":0,"meta":0},{"id":0,"meta":0},{"id":0,"meta":0},{"id":0,"meta":0},{"id":108,"meta":3},{"id":0,"meta":0},{"id":0,"meta":0},{"id":0,"meta":0},{"id":0,"meta":0}],[{"id":0,"meta":0},{"id":108,"meta":2},{"id":44,"meta":12},{"id":0,"meta":0},{"id":0,"meta":0},{"id":0,"meta":0},{"id":44,"meta":12},{"id":108,"meta":3},{"id":0,"meta":0},{"id":0,"meta":0},{"id":0,"meta":0},{"id":0,"meta":0}],[{"id":0,"meta":0},{"id":44,"meta":4},{"id":108,"meta":1},{"id":108,"meta":1},{"id":108,"meta":1},{"id":108,"meta":1},{"id":108,"meta":1},{"id":44,"meta":4},{"id":0,"meta":0},{"id":0,"meta":0},{"id":0,"meta":0},{"id":0,"meta":0}],[{"id":0,"meta":0},{"id":0,"meta":0},{"id":0,"meta":0},{"id":0,"meta":0},{"id":0,"meta":0},{"id":0,"meta":0},{"id":0,"meta":0},{"id":0,"meta":0},{"id":0,"meta":0},{"id":0,"meta":0},{"id":0,"meta":0},{"id":0,"meta":0}]],[[{"id":0,"meta":0},{"id":0,"meta":0},{"id":0,"meta":0},{"id":0,"meta":0},{"id":0,"meta":0},{"id":0,"meta":0},{"id":0,"meta":0},{"id":0,"meta":0},{"id":0,"meta":0},{"id":0,"meta":0},{"id":0,"meta":0},{"id":0,"meta":0}],[{"id":0,"meta":0},{"id":0,"meta":0},{"id":0,"meta":0},{"id":0,"meta":0},{"id":0,"meta":0},{"id":0,"meta":0},{"id":0,"meta":0},{"id":0,"meta":0},{"id":0,"meta":0},{"id":0,"meta":0},{"id":0,"meta":0},{"id":0,"meta":0}],[{"id":0,"meta":0},{"id":0,"meta":0},{"id":0,"meta":0},{"id":0,"meta":0},{"id":108,"meta":0},{"id":108,"meta":0},{"id":108,"meta":0},{"id":108,"meta":0},{"id":108,"meta":0},{"id":108,"meta":3},{"id":0,"meta":0},{"id":0,"meta":0}],[{"id":0,"meta":0},{"id":0,"meta":0},{"id":108,"meta":2},{"id":108,"meta":0},{"id":108,"meta":2},{"id":44,"meta":12},{"id":44,"meta":12},{"id":44,"meta":12},{"id":44,"meta":12},{"id":108,"meta":3},{"id":0,"meta":0},{"id":0,"meta":0}],[{"id":0,"meta":0},{"id":0,"meta":0},{"id":108,"meta":2},{"id":44,"meta":12},{"id":0,"meta":0},{"id":44,"meta":12},{"id":108,"meta":3},{"id":108,"meta":1},{"id":108,"meta":1},{"id":108,"meta":1},{"id":0,"meta":0},{"id":0,"meta":0}],[{"id":0,"meta":0},{"id":0,"meta":0},{"id":108,"meta":2},{"id":44,"meta":4},{"id":44,"meta":4},{"id":44,"meta":4},{"id":108,"meta":3},{"id":0,"meta":0},{"id":0,"meta":0},{"id":0,"meta":0},{"id":0,"meta":0},{"id":0,"meta":0}],[{"id":0,"meta":0},{"id":0,"meta":0},{"id":108,"meta":2},{"id":0,"meta":0},{"id":0,"meta":0},{"id":30,"meta":0},{"id":108,"meta":3},{"id":0,"meta":0},{"id":0,"meta":0},{"id":0,"meta":0},{"id":0,"meta":0},{"id":0,"meta":0}],[{"id":0,"meta":0},{"id":0,"meta":0},{"id":108,"meta":2},{"id":0,"meta":0},{"id":0,"meta":0},{"id":0,"meta":0},{"id":108,"meta":3},{"id":0,"meta":0},{"id":0,"meta":0},{"id":0,"meta":0},{"id":0,"meta":0},{"id":0,"meta":0}],[{"id":0,"meta":0},{"id":0,"meta":0},{"id":108,"meta":2},{"id":44,"meta":12},{"id":30,"meta":0},{"id":44,"meta":12},{"id":108,"meta":3},{"id":0,"meta":0},{"id":0,"meta":0},{"id":0,"meta":0},{"id":0,"meta":0},{"id":0,"meta":0}],[{"id":0,"meta":0},{"id":0,"meta":0},{"id":108,"meta":2},{"id":108,"meta":1},{"id":108,"meta":1},{"id":108,"meta":1},{"id":108,"meta":1},{"id":0,"meta":0},{"id":0,"meta":0},{"id":0,"meta":0},{"id":0,"meta":0},{"id":0,"meta":0}],[{"id":0,"meta":0},{"id":30,"meta":0},{"id":0,"meta":0},{"id":0,"meta":0},{"id":0,"meta":0},{"id":0,"meta":0},{"id":0,"meta":0},{"id":0,"meta":0},{"id":0,"meta":0},{"id":0,"meta":0},{"id":0,"meta":0},{"id":0,"meta":0}],[{"id":0,"meta":0},{"id":0,"meta":0},{"id":0,"meta":0},{"id":0,"meta":0},{"id":0,"meta":0},{"id":0,"meta":0},{"id":0,"meta":0},{"id":0,"meta":0},{"id":0,"meta":0},{"id":0,"meta":0},{"id":0,"meta":0},{"id":0,"meta":0}]],[[{"id":0,"meta":0},{"id":0,"meta":0},{"id":0,"meta":0},{"id":0,"meta":0},{"id":0,"meta":0},{"id":0,"meta":0},{"id":0,"meta":0},{"id":0,"meta":0},{"id":0,"meta":0},{"id":0,"meta":0},{"id":0,"meta":0},{"id":0,"meta":0}],[{"id":0,"meta":0},{"id":0,"meta":0},{"id":0,"meta":0},{"id":0,"meta":0},{"id":0,"meta":0},{"id":0,"meta":0},{"id":0,"meta":0},{"id":0,"meta":0},{"id":0,"meta":0},{"id":0,"meta":0},{"id":0,"meta":0},{"id":0,"meta":0}],[{"id":0,"meta":0},{"id":0,"meta":0},{"id":0,"meta":0},{"id":0,"meta":0},{"id":0,"meta":0},{"id":0,"meta":0},{"id":0,"meta":0},{"id":0,"meta":0},{"id":0,"meta":0},{"id":0,"meta":0},{"id":0,"meta":0},{"id":0,"meta":0}],[{"id":0,"meta":0},{"id":0,"meta":0},{"id":0,"meta":0},{"id":0,"meta":0},{"id":0,"meta":0},{"id":0,"meta":0},{"id":0,"meta":0},{"id":30,"meta":0},{"id":0,"meta":0},{"id":0,"meta":0},{"id":0,"meta":0},{"id":0,"meta":0}],[{"id":0,"meta":0},{"id":0,"meta":0},{"id":0,"meta":0},{"id":108,"meta":2},{"id":108,"meta":0},{"id":108,"meta":0},{"id":0,"meta":0},{"id":0,"meta":0},{"id":0,"meta":0},{"id":0,"meta":0},{"id":0,"meta":0},{"id":0,"meta":0}],[{"id":0,"meta":0},{"id":0,"meta":0},{"id":0,"meta":0},{"id":108,"meta":2},{"id":44,"meta":12},{"id":108,"meta":3},{"id":0,"meta":0},{"id":0,"meta":0},{"id":0,"meta":0},{"id":0,"meta":0},{"id":0,"meta":0},{"id":0,"meta":0}],[{"id":0,"meta":0},{"id":0,"meta":0},{"id":0,"meta":0},{"id":108,"meta":2},{"id":44,"meta":12},{"id":108,"meta":3},{"id":0,"meta":0},{"id":0,"meta":0},{"id":0,"meta":0},{"id":0,"meta":0},{"id":0,"meta":0},{"id":0,"meta":0}],[{"id":0,"meta":0},{"id":0,"meta":0},{"id":0,"meta":0},{"id":108,"meta":2},{"id":44,"meta":12},{"id":108,"meta":3},{"id":0,"meta":0},{"id":0,"meta":0},{"id":0,"meta":0},{"id":0,"meta":0},{"id":0,"meta":0},{"id":0,"meta":0}],[{"id":0,"meta":0},{"id":0,"meta":0},{"id":0,"meta":0},{"id":108,"meta":2},{"id":108,"meta":1},{"id":108,"meta":3},{"id":0,"meta":0},{"id":0,"meta":0},{"id":0,"meta":0},{"id":0,"meta":0},{"id":0,"meta":0},{"id":0,"meta":0}],[{"id":0,"meta":0},{"id":0,"meta":0},{"id":0,"meta":0},{"id":0,"meta":0},{"id":0,"meta":0},{"id":0,"meta":0},{"id":0,"meta":0},{"id":0,"meta":0},{"id":0,"meta":0},{"id":0,"meta":0},{"id":0,"meta":0},{"id":0,"meta":0}],[{"id":0,"meta":0},{"id":0,"meta":0},{"id":0,"meta":0},{"id":0,"meta":0},{"id":0,"meta":0},{"id":0,"meta":0},{"id":0,"meta":0},{"id":0,"meta":0},{"id":0,"meta":0},{"id":0,"meta":0},{"id":0,"meta":0},{"id":0,"meta":0}],[{"id":0,"meta":0},{"id":0,"meta":0},{"id":0,"meta":0},{"id":0,"meta":0},{"id":0,"meta":0},{"id":0,"meta":0},{"id":0,"meta":0},{"id":0,"meta":0},{"id":0,"meta":0},{"id":0,"meta":0},{"id":0,"meta":0},{"id":0,"meta":0}]],[[{"id":0,"meta":0},{"id":0,"meta":0},{"id":0,"meta":0},{"id":0,"meta":0},{"id":0,"meta":0},{"id":0,"meta":0},{"id":0,"meta":0},{"id":0,"meta":0},{"id":0,"meta":0},{"id":0,"meta":0},{"id":0,"meta":0},{"id":0,"meta":0}],[{"id":0,"meta":0},{"id":0,"meta":0},{"id":0,"meta":0},{"id":0,"meta":0},{"id":0,"meta":0},{"id":0,"meta":0},{"id":0,"meta":0},{"id":0,"meta":0},{"id":0,"meta":0},{"id":0,"meta":0},{"id":0,"meta":0},{"id":0,"meta":0}],[{"id":0,"meta":0},{"id":0,"meta":0},{"id":0,"meta":0},{"id":0,"meta":0},{"id":0,"meta":0},{"id":0,"meta":0},{"id":0,"meta":0},{"id":0,"meta":0},{"id":0,"meta":0},{"id":0,"meta":0},{"id":0,"meta":0},{"id":0,"meta":0}],[{"id":0,"meta":0},{"id":0,"meta":0},{"id":0,"meta":0},{"id":0,"meta":0},{"id":0,"meta":0},{"id":0,"meta":0},{"id":0,"meta":0},{"id":0,"meta":0},{"id":0,"meta":0},{"id":0,"meta":0},{"id":0,"meta":0},{"id":0,"meta":0}],[{"id":0,"meta":0},{"id":0,"meta":0},{"id":0,"meta":0},{"id":0,"meta":0},{"id":0,"meta":0},{"id":0,"meta":0},{"id":0,"meta":0},{"id":0,"meta":0},{"id":0,"meta":0},{"id":0,"meta":0},{"id":0,"meta":0},{"id":0,"meta":0}],[{"id":0,"meta":0},{"id":0,"meta":0},{"id":0,"meta":0},{"id":0,"meta":0},{"id":30,"meta":0},{"id":0,"meta":0},{"id":0,"meta":0},{"id":0,"meta":0},{"id":0,"meta":0},{"id":0,"meta":0},{"id":0,"meta":0},{"id":0,"meta":0}],[{"id":0,"meta":0},{"id":0,"meta":0},{"id":0,"meta":0},{"id":0,"meta":0},{"id":0,"meta":0},{"id":0,"meta":0},{"id":0,"meta":0},{"id":0,"meta":0},{"id":0,"meta":0},{"id":0,"meta":0},{"id":0,"meta":0},{"id":0,"meta":0}],[{"id":0,"meta":0},{"id":0,"meta":0},{"id":0,"meta":0},{"id":0,"meta":0},{"id":0,"meta":0},{"id":0,"meta":0},{"id":0,"meta":0},{"id":0,"meta":0},{"id":0,"meta":0},{"id":0,"meta":0},{"id":0,"meta":0},{"id":0,"meta":0}],[{"id":0,"meta":0},{"id":0,"meta":0},{"id":0,"meta":0},{"id":0,"meta":0},{"id":0,"meta":0},{"id":0,"meta":0},{"id":0,"meta":0},{"id":0,"meta":0},{"id":0,"meta":0},{"id":0,"meta":0},{"id":0,"meta":0},{"id":0,"meta":0}],[{"id":0,"meta":0},{"id":0,"meta":0},{"id":0,"meta":0},{"id":0,"meta":0},{"id":0,"meta":0},{"id":0,"meta":0},{"id":0,"meta":0},{"id":0,"meta":0},{"id":0,"meta":0},{"id":0,"meta":0},{"id":0,"meta":0},{"id":0,"meta":0}],[{"id":0,"meta":0},{"id":0,"meta":0},{"id":0,"meta":0},{"id":0,"meta":0},{"id":0,"meta":0},{"id":0,"meta":0},{"id":0,"meta":0},{"id":0,"meta":0},{"id":0,"meta":0},{"id":0,"meta":0},{"id":0,"meta":0},{"id":0,"meta":0}],[{"id":0,"meta":0},{"id":0,"meta":0},{"id":0,"meta":0},{"id":0,"meta":0},{"id":0,"meta":0},{"id":0,"meta":0},{"id":0,"meta":0},{"id":0,"meta":0},{"id":0,"meta":0},{"id":0,"meta":0},{"id":0,"meta":0},{"id":0,"meta":0}]]]
    }