[[[{"id":0,"meta":0},{"id":0,"meta":0},{"id":0,"meta":0},{"id":0,"meta":0},{"id":98,"meta":0},{"id":0,"meta":0},{"id":0,"meta":0},{"id":98,"meta":0},{"id":0,"meta":0},{"id":0,"meta":0},{"id":0,"meta":0},{"id":0,"meta":0}],[{"id":0,"meta":0},{"id":0,"meta":0},{"id":98,"meta":2},{"id":98,"meta":2},{"id":98,"meta":2},{"id":70,"meta":0},{"id":70,"meta":0},{"id":98,"meta":2},{"id":98,"meta":2},{"id":0,"meta":0},{"id":0,"meta":0},{"id":0,"meta":0}],[{"id":0,"meta":0},{"id":98,"meta":0},{"id":49,"meta":0},{"id":49,"meta":0},{"id":98,"meta":0},{"id":71,"meta":0},{"id":71,"meta":0},{"id":98,"meta":0},{"id":0,"meta":0},{"id":98,"meta":2},{"id":0,"meta":0},{"id":0,"meta":0}],[{"id":0,"meta":0},{"id":98,"meta":2},{"id":76,"meta":4},{"id":98,"meta":0},{"id":131,"meta":4},{"id":132,"meta":6},{"id":132,"meta":6},{"id":131,"meta":6},{"id":98,"meta":0},{"id":76,"meta":3},{"id":98,"meta":2},{"id":0,"meta":0}],[{"id":98,"meta":2},{"id":49,"meta":0},{"id":49,"meta":0},{"id":93,"meta":1},{"id":98,"meta":0},{"id":0,"meta":0},{"id":0,"meta":0},{"id":98,"meta":0},{"id":93,"meta":1},{"id":49,"meta":0},{"id":49,"meta":0},{"id":98,"meta":2}],[{"id":98,"meta":2},{"id":49,"meta":0},{"id":49,"meta":0},{"id":98,"meta":0},{"id":98,"meta":0},{"id":0,"meta":0},{"id":0,"meta":0},{"id":98,"meta":0},{"id":98,"meta":0},{"id":49,"meta":0},{"id":49,"meta":0},{"id":98,"meta":2}],[{"id":98,"meta":2},{"id":49,"meta":0},{"id":49,"meta":0},{"id":49,"meta":0},{"id":98,"meta":0},{"id":0,"meta":0},{"id":0,"meta":0},{"id":98,"meta":0},{"id":49,"meta":0},{"id":49,"meta":0},{"id":49,"meta":0},{"id":98,"meta":2}],[{"id":98,"meta":2},{"id":49,"meta":0},{"id":49,"meta":0},{"id":46,"meta":0},{"id":251,"meta":3},{"id":57,"meta":0},{"id":57,"meta":0},{"id":251,"meta":2},{"id":46,"meta":0},{"id":49,"meta":0},{"id":49,"meta":0},{"id":98,"meta":2}],[{"id":98,"meta":2},{"id":49,"meta":0},{"id":49,"meta":0},{"id":46,"meta":0},{"id":98,"meta":0},{"id":98,"meta":0},{"id":98,"meta":0},{"id":46,"meta":0},{"id":46,"meta":0},{"id":49,"meta":0},{"id":98,"meta":2},{"id":0,"meta":0}],[{"id":0,"meta":0},{"id":98,"meta":2},{"id":49,"meta":0},{"id":49,"meta":0},{"id":46,"meta":0},{"id":46,"meta":0},{"id":46,"meta":0},{"id":46,"meta":0},{"id":49,"meta":0},{"id":98,"meta":2},{"id":0,"meta":0},{"id":0,"meta":0}],[{"id":0,"meta":0},{"id":98,"meta":2},{"id":98,"meta":2},{"id":49,"meta":0},{"id":49,"meta":0},{"id":49,"meta":0},{"id":49,"meta":0},{"id":98,"meta":2},{"id":98,"meta":2},{"id":0,"meta":0},{"id":0,"meta":0},{"id":0,"meta":0}],[{"id":0,"meta":0},{"id":0,"meta":0},{"id":0,"meta":0},{"id":98,"meta":2},{"id":98,"meta":2},{"id":98,"meta":2},{"id":98,"meta":2},{"id":0,"meta":0},{"id":0,"meta":0},{"id":0,"meta":0},{"id":0,"meta":0},{"id":0,"meta":0}]],[[{"id":0,"meta":0},{"id":0,"meta":0},{"id":0,"meta":0},{"id":0,"meta":0},{"id":98,"meta":0},{"id":0,"meta":0},{"id":0,"meta":0},{"id":98,"meta":0},{"id":0,"meta":0},{"id":0,"meta":0},{"id":0,"meta":0},{"id":0,"meta":0}],[{"id":0,"meta":0},{"id":0,"meta":0},{"id":98,"meta":0},{"id":98,"meta":1},{"id":98,"meta":0},{"id":0,"meta":0},{"id":0,"meta":0},{"id":98,"meta":0},{"id":98,"meta":1},{"id":0,"meta":0},{"id":0,"meta":0},{"id":0,"meta":0}],[{"id":0,"meta":0},{"id":98,"meta":0},{"id":49,"meta":0},{"id":0,"meta":0},{"id":98,"meta":0},{"id":71,"meta":8},{"id":71,"meta":9},{"id":98,"meta":0},{"id":0,"meta":0},{"id":98,"meta":1},{"id":0,"meta":0},{"id":0,"meta":0}],[{"id":0,"meta":0},{"id":98,"meta":0},{"id":98,"meta":0},{"id":75,"meta":3},{"id":98,"meta":0},{"id":0,"meta":0},{"id":0,"meta":0},{"id":98,"meta":0},{"id":75,"meta":4},{"id":98,"meta":0},{"id":98,"meta":1},{"id":0,"meta":0}],[{"id":98,"meta":0},{"id":49,"meta":0},{"id":49,"meta":0},{"id":33,"meta":2},{"id":98,"meta":0},{"id":0,"meta":0},{"id":0,"meta":0},{"id":98,"meta":0},{"id":33,"meta":3},{"id":49,"meta":0},{"id":49,"meta":0},{"id":98,"meta":1}],[{"id":98,"meta":0},{"id":49,"meta":0},{"id":49,"meta":0},{"id":33,"meta":2},{"id":98,"meta":0},{"id":0,"meta":0},{"id":0,"meta":0},{"id":98,"meta":0},{"id":33,"meta":3},{"id":49,"meta":0},{"id":49,"meta":0},{"id":98,"meta":0}],[{"id":98,"meta":1},{"id":49,"meta":0},{"id":49,"meta":0},{"id":49,"meta":0},{"id":98,"meta":0},{"id":0,"meta":0},{"id":0,"meta":0},{"id":98,"meta":0},{"id":49,"meta":0},{"id":49,"meta":0},{"id":49,"meta":0},{"id":98,"meta":1}],[{"id":98,"meta":0},{"id":49,"meta":0},{"id":49,"meta":0},{"id":46,"meta":0},{"id":98,"meta":0},{"id":0,"meta":0},{"id":0,"meta":0},{"id":98,"meta":0},{"id":46,"meta":0},{"id":49,"meta":0},{"id":49,"meta":0},{"id":98,"meta":0}],[{"id":98,"meta":1},{"id":49,"meta":0},{"id":49,"meta":0},{"id":46,"meta":0},{"id":98,"meta":0},{"id":57,"meta":0},{"id":98,"meta":0},{"id":46,"meta":0},{"id":46,"meta":0},{"id":49,"meta":0},{"id":98,"meta":1},{"id":0,"meta":0}],[{"id":0,"meta":0},{"id":98,"meta":0},{"id":49,"meta":0},{"id":49,"meta":0},{"id":46,"meta":0},{"id":46,"meta":0},{"id":46,"meta":0},{"id":46,"meta":0},{"id":49,"meta":0},{"id":98,"meta":1},{"id":0,"meta":0},{"id":0,"meta":0}],[{"id":0,"meta":0},{"id":98,"meta":1},{"id":98,"meta":0},{"id":49,"meta":0},{"id":49,"meta":0},{"id":49,"meta":0},{"id":49,"meta":0},{"id":98,"meta":1},{"id":98,"meta":0},{"id":0,"meta":0},{"id":0,"meta":0},{"id":0,"meta":0}],[{"id":0,"meta":0},{"id":0,"meta":0},{"id":0,"meta":0},{"id":98,"meta":1},{"id":98,"meta":0},{"id":98,"meta":1},{"id":98,"meta":0},{"id":0,"meta":0},{"id":0,"meta":0},{"id":0,"meta":0},{"id":0,"meta":0},{"id":0,"meta":0}]],[[{"id":0,"meta":0},{"id":0,"meta":0},{"id":0,"meta":0},{"id":0,"meta":0},{"id":98,"meta":0},{"id":98,"meta":0},{"id":98,"meta":0},{"id":98,"meta":0},{"id":0,"meta":0},{"id":0,"meta":0},{"id":0,"meta":0},{"id":0,"meta":0}],[{"id":0,"meta":0},{"id":0,"meta":0},{"id":98,"meta":2},{"id":98,"meta":0},{"id":98,"meta":2},{"id":98,"meta":2},{"id":98,"meta":2},{"id":98,"meta":2},{"id":98,"meta":0},{"id":0,"meta":0},{"id":0,"meta":0},{"id":0,"meta":0}],[{"id":0,"meta":0},{"id":98,"meta":2},{"id":98,"meta":2},{"id":98,"meta":2},{"id":98,"meta":2},{"id":98,"meta":2},{"id":98,"meta":2},{"id":98,"meta":2},{"id":98,"meta":2},{"id":98,"meta":2},{"id":0,"meta":0},{"id":0,"meta":0}],[{"id":0,"meta":0},{"id":98,"meta":0},{"id":76,"meta":4},{"id":98,"meta":0},{"id":98,"meta":0},{"id":98,"meta":0},{"id":98,"meta":0},{"id":98,"meta":0},{"id":98,"meta":0},{"id":76,"meta":3},{"id":98,"meta":0},{"id":0,"meta":0}],[{"id":98,"meta":2},{"id":98,"meta":2},{"id":49,"meta":0},{"id":49,"meta":0},{"id":49,"meta":0},{"id":98,"meta":0},{"id":98,"meta":0},{"id":49,"meta":0},{"id":49,"meta":0},{"id":49,"meta":0},{"id":98,"meta":2},{"id":98,"meta":2}],[{"id":98,"meta":2},{"id":98,"meta":2},{"id":49,"meta":0},{"id":49,"meta":0},{"id":49,"meta":0},{"id":98,"meta":0},{"id":98,"meta":0},{"id":49,"meta":0},{"id":49,"meta":0},{"id":49,"meta":0},{"id":98,"meta":2},{"id":98,"meta":0}],[{"id":98,"meta":0},{"id":98,"meta":2},{"id":49,"meta":0},{"id":49,"meta":0},{"id":49,"meta":0},{"id":98,"meta":0},{"id":98,"meta":0},{"id":49,"meta":0},{"id":49,"meta":0},{"id":49,"meta":0},{"id":98,"meta":2},{"id":98,"meta":2}],[{"id":98,"meta":2},{"id":98,"meta":2},{"id":49,"meta":0},{"id":49,"meta":0},{"id":49,"meta":0},{"id":98,"meta":0},{"id":98,"meta":0},{"id":49,"meta":0},{"id":49,"meta":0},{"id":49,"meta":0},{"id":98,"meta":2},{"id":98,"meta":0}],[{"id":98,"meta":0},{"id":98,"meta":2},{"id":49,"meta":0},{"id":49,"meta":0},{"id":49,"meta":0},{"id":98,"meta":0},{"id":98,"meta":0},{"id":49,"meta":0},{"id":49,"meta":0},{"id":98,"meta":2},{"id":98,"meta":0},{"id":0,"meta":0}],[{"id":0,"meta":0},{"id":98,"meta":2},{"id":98,"meta":2},{"id":49,"meta":0},{"id":49,"meta":0},{"id":49,"meta":0},{"id":49,"meta":0},{"id":98,"meta":2},{"id":98,"meta":2},{"id":98,"meta":2},{"id":0,"meta":0},{"id":0,"meta":0}],[{"id":0,"meta":0},{"id":98,"meta":0},{"id":98,"meta":2},{"id":98,"meta":2},{"id":98,"meta":2},{"id":98,"meta":2},{"id":98,"meta":2},{"id":98,"meta":0},{"id":98,"meta":2},{"id":0,"meta":0},{"id":0,"meta":0},{"id":0,"meta":0}],[{"id":0,"meta":0},{"id":0,"meta":0},{"id":0,"meta":0},{"id":98,"meta":0},{"id":98,"meta":2},{"id":98,"meta":0},{"id":98,"meta":2},{"id":0,"meta":0},{"id":0,"meta":0},{"id":0,"meta":0},{"id":0,"meta":0},{"id":0,"meta":0}]],[[{"id":0,"meta":0},{"id":0,"meta":0},{"id":0,"meta":0},{"id":0,"meta":0},{"id":0,"meta":0},{"id":0,"meta":0},{"id":0,"meta":0},{"id":0,"meta":0},{"id":0,"meta":0},{"id":0,"meta":0},{"id":0,"meta":0},{"id":0,"meta":0}],[{"id":0,"meta":0},{"id":0,"meta":0},{"id":0,"meta":0},{"id":0,"meta":0},{"id":98,"meta":0},{"id":98,"meta":0},{"id":98,"meta":0},{"id":98,"meta":0},{"id":0,"meta":0},{"id":0,"meta":0},{"id":0,"meta":0},{"id":0,"meta":0}],[{"id":0,"meta":0},{"id":0,"meta":0},{"id":98,"meta":0},{"id":98,"meta":1},{"id":98,"meta":1},{"id":98,"meta":1},{"id":98,"meta":0},{"id":98,"meta":1},{"id":98,"meta":0},{"id":98,"meta":0},{"id":0,"meta":0},{"id":0,"meta":0}],[{"id":0,"meta":0},{"id":98,"meta":0},{"id":98,"meta":0},{"id":75,"meta":3},{"id":93,"meta":2},{"id":33,"meta":0},{"id":33,"meta":0},{"id":93,"meta":0},{"id":75,"meta":4},{"id":98,"meta":0},{"id":98,"meta":0},{"id":0,"meta":0}],[{"id":0,"meta":0},{"id":98,"meta":1},{"id":49,"meta":0},{"id":49,"meta":0},{"id":49,"meta":0},{"id":49,"meta":0},{"id":49,"meta":0},{"id":49,"meta":0},{"id":49,"meta":0},{"id":98,"meta":0},{"id":98,"meta":0},{"id":0,"meta":0}],[{"id":0,"meta":0},{"id":98,"meta":0},{"id":98,"meta":0},{"id":49,"meta":0},{"id":49,"meta":0},{"id":49,"meta":0},{"id":49,"meta":0},{"id":49,"meta":0},{"id":49,"meta":0},{"id":98,"meta":0},{"id":98,"meta":1},{"id":0,"meta":0}],[{"id":0,"meta":0},{"id":98,"meta":1},{"id":98,"meta":0},{"id":49,"meta":0},{"id":49,"meta":0},{"id":49,"meta":0},{"id":49,"meta":0},{"id":49,"meta":0},{"id":49,"meta":0},{"id":98,"meta":0},{"id":98,"meta":0},{"id":0,"meta":0}],[{"id":0,"meta":0},{"id":98,"meta":0},{"id":98,"meta":0},{"id":49,"meta":0},{"id":49,"meta":0},{"id":49,"meta":0},{"id":49,"meta":0},{"id":49,"meta":0},{"id":49,"meta":0},{"id":98,"meta":0},{"id":98,"meta":1},{"id":0,"meta":0}],[{"id":0,"meta":0},{"id":98,"meta":1},{"id":98,"meta":0},{"id":49,"meta":0},{"id":49,"meta":0},{"id":49,"meta":0},{"id":49,"meta":0},{"id":98,"meta":0},{"id":98,"meta":0},{"id":98,"meta":1},{"id":0,"meta":0},{"id":0,"meta":0}],[{"id":0,"meta":0},{"id":0,"meta":0},{"id":98,"meta":1},{"id":98,"meta":0},{"id":98,"meta":0},{"id":98,"meta":0},{"id":98,"meta":0},{"id":98,"meta":1},{"id":98,"meta":0},{"id":0,"meta":0},{"id":0,"meta":0},{"id":0,"meta":0}],[{"id":0,"meta":0},{"id":0,"meta":0},{"id":0,"meta":0},{"id":98,"meta":1},{"id":98,"meta":0},{"id":98,"meta":1},{"id":98,"meta":0},{"id":0,"meta":0},{"id":0,"meta":0},{"id":0,"meta":0},{"id":0,"meta":0},{"id":0,"meta":0}],[{"id":0,"meta":0},{"id":0,"meta":0},{"id":0,"meta":0},{"id":0,"meta":0},{"id":0,"meta":0},{"id":0,"meta":0},{"id":0,"meta":0},{"id":0,"meta":0},{"id":0,"meta":0},{"id":0,"meta":0},{"id":0,"meta":0},{"id":0,"meta":0}]],[[{"id":0,"meta":0},{"id":0,"meta":0},{"id":0,"meta":0},{"id":0,"meta":0},{"id":0,"meta":0},{"id":0,"meta":0},{"id":0,"meta":0},{"id":0,"meta":0},{"id":0,"meta":0},{"id":0,"meta":0},{"id":0,"meta":0},{"id":0,"meta":0}],[{"id":0,"meta":0},{"id":0,"meta":0},{"id":0,"meta":0},{"id":0,"meta":0},{"id":0,"meta":0},{"id":0,"meta":0},{"id":0,"meta":0},{"id":0,"meta":0},{"id":0,"meta":0},{"id":0,"meta":0},{"id":0,"meta":0},{"id":0,"meta":0}],[{"id":0,"meta":0},{"id":0,"meta":0},{"id":0,"meta":0},{"id":0,"meta":0},{"id":0,"meta":0},{"id":0,"meta":0},{"id":0,"meta":0},{"id":0,"meta":0},{"id":0,"meta":0},{"id":0,"meta":0},{"id":0,"meta":0},{"id":0,"meta":0}],[{"id":0,"meta":0},{"id":0,"meta":0},{"id":98,"meta":0},{"id":98,"meta":0},{"id":98,"meta":1},{"id":98,"meta":2},{"id":98,"meta":0},{"id":98,"meta":1},{"id":98,"meta":0},{"id":98,"meta":0},{"id":0,"meta":0},{"id":0,"meta":0}],[{"id":0,"meta":0},{"id":0,"meta":0},{"id":98,"meta":0},{"id":98,"meta":2},{"id":98,"meta":2},{"id":98,"meta":2},{"id":98,"meta":2},{"id":98,"meta":2},{"id":98,"meta":2},{"id":98,"meta":0},{"id":0,"meta":0},{"id":0,"meta":0}],[{"id":0,"meta":0},{"id":0,"meta":0},{"id":98,"meta":2},{"id":98,"meta":2},{"id":49,"meta":0},{"id":49,"meta":0},{"id":49,"meta":0},{"id":49,"meta":0},{"id":98,"meta":2},{"id":98,"meta":1},{"id":0,"meta":0},{"id":0,"meta":0}],[{"id":0,"meta":0},{"id":0,"meta":0},{"id":98,"meta":0},{"id":98,"meta":2},{"id":49,"meta":0},{"id":49,"meta":0},{"id":49,"meta":0},{"id":49,"meta":0},{"id":98,"meta":2},{"id":98,"meta":0},{"id":0,"meta":0},{"id":0,"meta":0}],[{"id":0,"meta":0},{"id":0,"meta":0},{"id":98,"meta":1},{"id":98,"meta":2},{"id":49,"meta":0},{"id":49,"meta":0},{"id":49,"meta":0},{"id":98,"meta":2},{"id":98,"meta":2},{"id":98,"meta":1},{"id":0,"meta":0},{"id":0,"meta":0}],[{"id":0,"meta":0},{"id":0,"meta":0},{"id":98,"meta":0},{"id":98,"meta":2},{"id":98,"meta":2},{"id":98,"meta":2},{"id":98,"meta":2},{"id":98,"meta":0},{"id":98,"meta":0},{"id":0,"meta":0},{"id":0,"meta":0},{"id":0,"meta":0}],[{"id":0,"meta":0},{"id":0,"meta":0},{"id":98,"meta":2},{"id":98,"meta":0},{"id":98,"meta":0},{"id":98,"meta":1},{"id":98,"meta":0},{"id":0,"meta":0},{"id":0,"meta":0},{"id":0,"meta":0},{"id":0,"meta":0},{"id":0,"meta":0}],[{"id":0,"meta":0},{"id":0,"meta":0},{"id":0,"meta":0},{"id":0,"meta":0},{"id":0,"meta":0},{"id":0,"meta":0},{"id":0,"meta":0},{"id":0,"meta":0},{"id":0,"meta":0},{"id":0,"meta":0},{"id":0,"meta":0},{"id":0,"meta":0}],[{"id":0,"meta":0},{"id":0,"meta":0},{"id":0,"meta":0},{"id":0,"meta":0},{"id":0,"meta":0},{"id":0,"meta":0},{"id":0,"meta":0},{"id":0,"meta":0},{"id":0,"meta":0},{"id":0,"meta":0},{"id":0,"meta":0},{"id":0,"meta":0}]],[[{"id":0,"meta":0},{"id":0,"meta":0},{"id":0,"meta":0},{"id":0,"meta":0},{"id":0,"meta":0},{"id":0,"meta":0},{"id":0,"meta":0},{"id":0,"meta":0},{"id":0,"meta":0},{"id":0,"meta":0},{"id":0,"meta":0},{"id":0,"meta":0}],[{"id":0,"meta":0},{"id":0,"meta":0},{"id":0,"meta":0},{"id":0,"meta":0},{"id":0,"meta":0},{"id":0,"meta":0},{"id":0,"meta":0},{"id":0,"meta":0},{"id":0,"meta":0},{"id":0,"meta":0},{"id":0,"meta":0},{"id":0,"meta":0}],[{"id":0,"meta":0},{"id":0,"meta":0},{"id":0,"meta":0},{"id":0,"meta":0},{"id":0,"meta":0},{"id":0,"meta":0},{"id":0,"meta":0},{"id":0,"meta":0},{"id":0,"meta":0},{"id":0,"meta":0},{"id":0,"meta":0},{"id":0,"meta":0}],[{"id":0,"meta":0},{"id":0,"meta":0},{"id":0,"meta":0},{"id":0,"meta":0},{"id":0,"meta":0},{"id":0,"meta":0},{"id":0,"meta":0},{"id":0,"meta":0},{"id":0,"meta":0},{"id":0,"meta":0},{"id":0,"meta":0},{"id":0,"meta":0}],[{"id":0,"meta":0},{"id":0,"meta":0},{"id":0,"meta":0},{"id":0,"meta":0},{"id":98,"meta":1},{"id":98,"meta":1},{"id":98,"meta":2},{"id":98,"meta":1},{"id":0,"meta":0},{"id":0,"meta":0},{"id":0,"meta":0},{"id":0,"meta":0}],[{"id":0,"meta":0},{"id":0,"meta":0},{"id":0,"meta":0},{"id":98,"meta":1},{"id":98,"meta":0},{"id":98,"meta":2},{"id":98,"meta":2},{"id":98,"meta":2},{"id":98,"meta":1},{"id":0,"meta":0},{"id":0,"meta":0},{"id":0,"meta":0}],[{"id":0,"meta":0},{"id":0,"meta":0},{"id":0,"meta":0},{"id":98,"meta":1},{"id":98,"meta":2},{"id":98,"meta":2},{"id":98,"meta":2},{"id":98,"meta":2},{"id":98,"meta":2},{"id":0,"meta":0},{"id":0,"meta":0},{"id":0,"meta":0}],[{"id":0,"meta":0},{"id":0,"meta":0},{"id":0,"meta":0},{"id":98,"meta":1},{"id":98,"meta":2},{"id":98,"meta":2},{"id":98,"meta":2},{"id":98,"meta":1},{"id":0,"meta":0},{"id":0,"meta":0},{"id":0,"meta":0},{"id":0,"meta":0}],[{"id":0,"meta":0},{"id":0,"meta":0},{"id":0,"meta":0},{"id":0,"meta":0},{"id":98,"meta":1},{"id":98,"meta":1},{"id":98,"meta":2},{"id":0,"meta":0},{"id":0,"meta":0},{"id":0,"meta":0},{"id":0,"meta":0},{"id":0,"meta":0}],[{"id":0,"meta":0},{"id":0,"meta":0},{"id":0,"meta":0},{"id":0,"meta":0},{"id":0,"meta":0},{"id":0,"meta":0},{"id":0,"meta":0},{"id":0,"meta":0},{"id":0,"meta":0},{"id":0,"meta":0},{"id":0,"meta":0},{"id":0,"meta":0}],[{"id":0,"meta":0},{"id":0,"meta":0},{"id":0,"meta":0},{"id":0,"meta":0},{"id":0,"meta":0},{"id":0,"meta":0},{"id":0,"meta":0},{"id":0,"meta":0},{"id":0,"meta":0},{"id":0,"meta":0},{"id":0,"meta":0},{"id":0,"meta":0}],[{"id":0,"meta":0},{"id":0,"meta":0},{"id":0,"meta":0},{"id":0,"meta":0},{"id":0,"meta":0},{"id":0,"meta":0},{"id":0,"meta":0},{"id":0,"meta":0},{"id":0,"meta":0},{"id":0,"meta":0},{"id":0,"meta":0},{"id":0,"meta":0}]],[[{"id":0,"meta":0},{"id":0,"meta":0},{"id":0,"meta":0},{"id":0,"meta":0},{"id":0,"meta":0},{"id":0,"meta":0},{"id":0,"meta":0},{"id":0,"meta":0},{"id":0,"meta":0},{"id":0,"meta":0},{"id":0,"meta":0},{"id":0,"meta":0}],[{"id":0,"meta":0},{"id":0,"meta":0},{"id":0,"meta":0},{"id":0,"meta":0},{"id":0,"meta":0},{"id":0,"meta":0},{"id":0,"meta":0},{"id":0,"meta":0},{"id":0,"meta":0},{"id":0,"meta":0},{"id":0,"meta":0},{"id":0,"meta":0}],[{"id":0,"meta":0},{"id":0,"meta":0},{"id":0,"meta":0},{"id":0,"meta":0},{"id":0,"meta":0},{"id":0,"meta":0},{"id":0,"meta":0},{"id":0,"meta":0},{"id":0,"meta":0},{"id":0,"meta":0},{"id":0,"meta":0},{"id":0,"meta":0}],[{"id":0,"meta":0},{"id":0,"meta":0},{"id":0,"meta":0},{"id":0,"meta":0},{"id":0,"meta":0},{"id":0,"meta":0},{"id":0,"meta":0},{"id":0,"meta":0},{"id":0,"meta":0},{"id":0,"meta":0},{"id":0,"meta":0},{"id":0,"meta":0}],[{"id":0,"meta":0},{"id":0,"meta":0},{"id":0,"meta":0},{"id":0,"meta":0},{"id":0,"meta":0},{"id":0,"meta":0},{"id":0,"meta":0},{"id":0,"meta":0},{"id":0,"meta":0},{"id":0,"meta":0},{"id":0,"meta":0},{"id":0,"meta":0}],[{"id":0,"meta":0},{"id":0,"meta":0},{"id":0,"meta":0},{"id":0,"meta":0},{"id":0,"meta":0},{"id":0,"meta":0},{"id":0,"meta":0},{"id":0,"meta":0},{"id":0,"meta":0},{"id":0,"meta":0},{"id":0,"meta":0},{"id":0,"meta":0}],[{"id":0,"meta":0},{"id":0,"meta":0},{"id":0,"meta":0},{"id":0,"meta":0},{"id":0,"meta":0},{"id":98,"meta":0},{"id":98,"meta":0},{"id":0,"meta":0},{"id":0,"meta":0},{"id":0,"meta":0},{"id":0,"meta":0},{"id":0,"meta":0}],[{"id":0,"meta":0},{"id":0,"meta":0},{"id":0,"meta":0},{"id":0,"meta":0},{"id":0,"meta":0},{"id":0,"meta":0},{"id":0,"meta":0},{"id":0,"meta":0},{"id":0,"meta":0},{"id":0,"meta":0},{"id":0,"meta":0},{"id":0,"meta":0}],[{"id":0,"meta":0},{"id":0,"meta":0},{"id":0,"meta":0},{"id":0,"meta":0},{"id":0,"meta":0},{"id":0,"meta":0},{"id":0,"meta":0},{"id":0,"meta":0},{"id":0,"meta":0},{"id":0,"meta":0},{"id":0,"meta":0},{"id":0,"meta":0}],[{"id":0,"meta":0},{"id":0,"meta":0},{"id":0,"meta":0},{"id":0,"meta":0},{"id":0,"meta":0},{"id":0,"meta":0},{"id":0,"meta":0},{"id":0,"meta":0},{"id":0,"meta":0},{"id":0,"meta":0},{"id":0,"meta":0},{"id":0,"meta":0}],[{"id":0,"meta":0},{"id":0,"meta":0},{"id":0,"meta":0},{"id":0,"meta":0},{"id":0,"meta":0},{"id":0,"meta":0},{"id":0,"meta":0},{"id":0,"meta":0},{"id":0,"meta":0},{"id":0,"meta":0},{"id":0,"meta":0},{"id":0,"meta":0}],[{"id":0,"meta":0},{"id":0,"meta":0},{"id":0,"meta":0},{"id":0,"meta":0},{"id":0,"meta":0},{"id":0,"meta":0},{"id":0,"meta":0},{"id":0,"meta":0},{"id":0,"meta":0},{"id":0,"meta":0},{"id":0,"meta":0},{"id":0,"meta":0}]]]