{
    "loot": [
    {
            "id": 3,
            "meta": 0,
            "rarity": 0.65,
            "count": {
                "min": 1,
                "max": 9
            }
        },
    {
            "id": 31,
            "meta": 0,
            "rarity": 0.69,
            "count": {
                "min": 1,
                "max": 6
            }
        },
    {
            "id": 32,
            "meta": 0,
            "rarity": 0.7,
            "count": {
                "min": 1,
                "max": 9
            }
        },
    {
            "id": 295,
            "meta": 0,
            "rarity": 0.56,
            "count": {
                "min": 1,
                "max": 17
            }
        },
    {
            "id": 339,
            "meta": 0,
            "rarity": 0.45,
            "count": {
                "min": 1,
                "max": 23
            }
        },
    {
            "id": 340,
            "meta": 0,
            "rarity": 0.33,
            "count": {
                "min": 1,
                "max": 7
            }
        },
{
            "id": 14,
            "meta": 0,
            "rarity": 0.05,
            "count": {
                "min": 1,
                "max": 16
            }
        },
{
            "id": 15,
            "meta": 0,
            "rarity": 0.5,
            "count": {
                "min": 1,
                "max": 20
            }
        },
{
            "id": 16,
            "meta": 0,
            "rarity": 0.75,
            "count": {
                "min": 1,
                "max": 27
            }
        },
{
            "id": 264,
            "meta": 0,
            "rarity": 0.12,
            "count": {
                "min": 1,
                "max": 7
            }
        },
{
            "id": 4,
            "meta": 0,
            "rarity": 0.25,
            "count": {
                "min": 1,
                "max": 64
            }
        },
{
            "id": 4,
            "meta": 0,
            "rarity": 0.25,
            "count": {
                "min": 1,
                "max": 64
            }
        },
{
            "id": 4,
            "meta": 0,
            "rarity": 0.25,
            "count": {
                "min": 1,
                "max": 64
            }
        },
{
            "id": 4,
            "meta": 0,
            "rarity": 0.25,
            "count": {
                "min": 1,
                "max": 64
            }
        },
{
            "id": 265,
            "meta": 0,
            "rarity": 0.65,
            "count": {
                "min": 5,
                "max": 17
            }
        },
{
            "id": 266,
            "meta": 0,
            "rarity": 0.33,
            "count": {
                "min": 3,
                "max": 9
            }
        },
{
            "id": 289,
            "meta": 0,
            "rarity": 0.5,
            "count": {
                "min": 1,
                "max": 23
            }
        },
{
            "id": 257,
            "meta": 0,
            "rarity": 0.65,
            "count": {
                "min": 1,
                "max": 1
            }
        },
{
            "id": 278,
            "meta": 0,
            "rarity": 0.09,
            "count": {
                "min": 1,
                "max": 1
            }
        }
    ],
    "blocks":[[[{"id":35,"meta":3},{"id":35,"meta":7},{"id":35,"meta":7},{"id":35,"meta":3},{"id":35,"meta":7},{"id":35,"meta":7},{"id":164,"meta":3},{"id":164,"meta":2},{"id":35,"meta":7},{"id":35,"meta":7},{"id":35,"meta":3},{"id":35,"meta":7},{"id":35,"meta":7},{"id":35,"meta":3}],[{"id":35,"meta":7},{"id":33,"meta":4},{"id":33,"meta":4},{"id":33,"meta":4},{"id":0,"meta":0},{"id":0,"meta":0},{"id":0,"meta":0},{"id":0,"meta":0},{"id":153,"meta":0},{"id":153,"meta":0},{"id":153,"meta":0},{"id":22,"meta":0},{"id":54,"meta":2},{"id":35,"meta":7}],[{"id":35,"meta":7},{"id":33,"meta":2},{"id":33,"meta":4},{"id":0,"meta":0},{"id":0,"meta":0},{"id":0,"meta":0},{"id":0,"meta":0},{"id":0,"meta":0},{"id":0,"meta":0},{"id":0,"meta":0},{"id":153,"meta":0},{"id":0,"meta":0},{"id":22,"meta":0},{"id":35,"meta":7}],[{"id":35,"meta":3},{"id":33,"meta":2},{"id":0,"meta":0},{"id":0,"meta":0},{"id":0,"meta":0},{"id":0,"meta":0},{"id":0,"meta":0},{"id":98,"meta":0},{"id":98,"meta":0},{"id":98,"meta":0},{"id":109,"meta":3},{"id":0,"meta":0},{"id":0,"meta":0},{"id":35,"meta":3}],[{"id":35,"meta":7},{"id":0,"meta":0},{"id":0,"meta":0},{"id":0,"meta":0},{"id":0,"meta":0},{"id":0,"meta":0},{"id":16,"meta":0},{"id":0,"meta":0},{"id":0,"meta":0},{"id":0,"meta":0},{"id":0,"meta":0},{"id":0,"meta":0},{"id":42,"meta":0},{"id":35,"meta":7}],[{"id":35,"meta":7},{"id":52,"meta":0},{"id":0,"meta":0},{"id":0,"meta":0},{"id":0,"meta":0},{"id":73,"meta":0},{"id":15,"meta":0},{"id":73,"meta":0},{"id":0,"meta":0},{"id":0,"meta":0},{"id":0,"meta":0},{"id":42,"meta":0},{"id":42,"meta":0},{"id":35,"meta":7}],[{"id":35,"meta":7},{"id":52,"meta":0},{"id":52,"meta":0},{"id":0,"meta":0},{"id":15,"meta":0},{"id":15,"meta":0},{"id":16,"meta":0},{"id":16,"meta":0},{"id":15,"meta":0},{"id":0,"meta":0},{"id":0,"meta":0},{"id":42,"meta":0},{"id":42,"meta":0},{"id":35,"meta":7}],[{"id":35,"meta":7},{"id":52,"meta":0},{"id":0,"meta":0},{"id":0,"meta":0},{"id":0,"meta":0},{"id":16,"meta":0},{"id":73,"meta":0},{"id":15,"meta":0},{"id":15,"meta":0},{"id":0,"meta":0},{"id":0,"meta":0},{"id":0,"meta":0},{"id":42,"meta":0},{"id":35,"meta":7}],[{"id":35,"meta":7},{"id":33,"meta":2},{"id":0,"meta":0},{"id":0,"meta":0},{"id":0,"meta":0},{"id":0,"meta":0},{"id":16,"meta":0},{"id":153,"meta":0},{"id":0,"meta":0},{"id":0,"meta":0},{"id":0,"meta":0},{"id":25,"meta":0},{"id":25,"meta":0},{"id":35,"meta":7}],[{"id":35,"meta":7},{"id":25,"meta":0},{"id":25,"meta":0},{"id":0,"meta":0},{"id":0,"meta":0},{"id":0,"meta":0},{"id":0,"meta":0},{"id":0,"meta":0},{"id":0,"meta":0},{"id":0,"meta":0},{"id":0,"meta":0},{"id":0,"meta":0},{"id":25,"meta":0},{"id":35,"meta":7}],[{"id":35,"meta":3},{"id":173,"meta":0},{"id":25,"meta":0},{"id":0,"meta":0},{"id":0,"meta":0},{"id":0,"meta":0},{"id":22,"meta":0},{"id":0,"meta":0},{"id":0,"meta":0},{"id":0,"meta":0},{"id":0,"meta":0},{"id":0,"meta":0},{"id":152,"meta":0},{"id":35,"meta":3}],[{"id":35,"meta":7},{"id":173,"meta":0},{"id":173,"meta":0},{"id":0,"meta":0},{"id":0,"meta":0},{"id":52,"meta":0},{"id":33,"meta":1},{"id":52,"meta":0},{"id":30,"meta":0},{"id":25,"meta":0},{"id":0,"meta":0},{"id":152,"meta":0},{"id":152,"meta":0},{"id":35,"meta":7}],[{"id":35,"meta":7},{"id":173,"meta":0},{"id":173,"meta":0},{"id":173,"meta":0},{"id":52,"meta":0},{"id":33,"meta":1},{"id":33,"meta":1},{"id":33,"meta":5},{"id":35,"meta":7},{"id":25,"meta":0},{"id":35,"meta":7},{"id":152,"meta":0},{"id":152,"meta":0},{"id":35,"meta":7}],[{"id":35,"meta":3},{"id":35,"meta":7},{"id":35,"meta":7},{"id":35,"meta":3},{"id":35,"meta":7},{"id":35,"meta":7},{"id":35,"meta":7},{"id":35,"meta":7},{"id":35,"meta":7},{"id":35,"meta":7},{"id":35,"meta":3},{"id":35,"meta":7},{"id":35,"meta":7},{"id":35,"meta":3}]],[[{"id":35,"meta":3},{"id":109,"meta":1},{"id":109,"meta":2},{"id":35,"meta":3},{"id":108,"meta":2},{"id":108,"meta":0},{"id":85,"meta":0},{"id":0,"meta":0},{"id":108,"meta":2},{"id":108,"meta":0},{"id":35,"meta":3},{"id":109,"meta":0},{"id":109,"meta":1},{"id":35,"meta":3}],[{"id":109,"meta":2},{"id":33,"meta":2},{"id":33,"meta":1},{"id":0,"meta":0},{"id":0,"meta":0},{"id":0,"meta":0},{"id":0,"meta":0},{"id":0,"meta":0},{"id":0,"meta":0},{"id":0,"meta":0},{"id":153,"meta":0},{"id":0,"meta":0},{"id":22,"meta":0},{"id":109,"meta":2}],[{"id":109,"meta":0},{"id":33,"meta":1},{"id":0,"meta":0},{"id":0,"meta":0},{"id":0,"meta":0},{"id":0,"meta":0},{"id":0,"meta":0},{"id":0,"meta":0},{"id":0,"meta":0},{"id":0,"meta":0},{"id":0,"meta":0},{"id":0,"meta":0},{"id":0,"meta":0},{"id":109,"meta":1}],[{"id":35,"meta":3},{"id":30,"meta":0},{"id":0,"meta":0},{"id":0,"meta":0},{"id":0,"meta":0},{"id":0,"meta":0},{"id":0,"meta":0},{"id":98,"meta":0},{"id":98,"meta":0},{"id":109,"meta":3},{"id":0,"meta":0},{"id":0,"meta":0},{"id":0,"meta":0},{"id":35,"meta":3}],[{"id":108,"meta":0},{"id":0,"meta":0},{"id":0,"meta":0},{"id":0,"meta":0},{"id":0,"meta":0},{"id":0,"meta":0},{"id":0,"meta":0},{"id":0,"meta":0},{"id":0,"meta":0},{"id":0,"meta":0},{"id":0,"meta":0},{"id":0,"meta":0},{"id":0,"meta":0},{"id":108,"meta":3}],[{"id":108,"meta":2},{"id":0,"meta":0},{"id":0,"meta":0},{"id":0,"meta":0},{"id":0,"meta":0},{"id":0,"meta":0},{"id":0,"meta":0},{"id":0,"meta":0},{"id":0,"meta":0},{"id":0,"meta":0},{"id":0,"meta":0},{"id":30,"meta":0},{"id":42,"meta":0},{"id":108,"meta":1}],[{"id":108,"meta":0},{"id":52,"meta":0},{"id":0,"meta":0},{"id":0,"meta":0},{"id":0,"meta":0},{"id":0,"meta":0},{"id":15,"meta":0},{"id":153,"meta":0},{"id":0,"meta":0},{"id":0,"meta":0},{"id":0,"meta":0},{"id":0,"meta":0},{"id":42,"meta":0},{"id":108,"meta":2}],[{"id":108,"meta":3},{"id":0,"meta":0},{"id":0,"meta":0},{"id":0,"meta":0},{"id":0,"meta":0},{"id":0,"meta":0},{"id":15,"meta":0},{"id":15,"meta":0},{"id":30,"meta":0},{"id":0,"meta":0},{"id":0,"meta":0},{"id":0,"meta":0},{"id":0,"meta":0},{"id":108,"meta":0}],[{"id":108,"meta":0},{"id":0,"meta":0},{"id":0,"meta":0},{"id":0,"meta":0},{"id":0,"meta":0},{"id":0,"meta":0},{"id":0,"meta":0},{"id":0,"meta":0},{"id":0,"meta":0},{"id":0,"meta":0},{"id":0,"meta":0},{"id":0,"meta":0},{"id":25,"meta":0},{"id":108,"meta":0}],[{"id":108,"meta":2},{"id":25,"meta":0},{"id":0,"meta":0},{"id":0,"meta":0},{"id":0,"meta":0},{"id":0,"meta":0},{"id":0,"meta":0},{"id":0,"meta":0},{"id":0,"meta":0},{"id":0,"meta":0},{"id":0,"meta":0},{"id":0,"meta":0},{"id":0,"meta":0},{"id":108,"meta":3}],[{"id":35,"meta":3},{"id":0,"meta":0},{"id":0,"meta":0},{"id":0,"meta":0},{"id":0,"meta":0},{"id":0,"meta":0},{"id":0,"meta":0},{"id":0,"meta":0},{"id":0,"meta":0},{"id":0,"meta":0},{"id":0,"meta":0},{"id":0,"meta":0},{"id":0,"meta":0},{"id":35,"meta":3}],[{"id":109,"meta":1},{"id":173,"meta":0},{"id":0,"meta":0},{"id":0,"meta":0},{"id":0,"meta":0},{"id":0,"meta":0},{"id":54,"meta":4},{"id":0,"meta":0},{"id":0,"meta":0},{"id":0,"meta":0},{"id":0,"meta":0},{"id":0,"meta":0},{"id":35,"meta":7},{"id":109,"meta":2}],[{"id":109,"meta":3},{"id":173,"meta":0},{"id":173,"meta":0},{"id":0,"meta":0},{"id":0,"meta":0},{"id":25,"meta":0},{"id":33,"meta":5},{"id":35,"meta":7},{"id":0,"meta":0},{"id":25,"meta":0},{"id":0,"meta":0},{"id":152,"meta":0},{"id":152,"meta":0},{"id":109,"meta":0}],[{"id":35,"meta":3},{"id":109,"meta":0},{"id":109,"meta":2},{"id":35,"meta":3},{"id":108,"meta":0},{"id":108,"meta":2},{"id":108,"meta":1},{"id":108,"meta":3},{"id":108,"meta":0},{"id":108,"meta":2},{"id":35,"meta":3},{"id":109,"meta":3},{"id":109,"meta":0},{"id":35,"meta":3}]],[[{"id":35,"meta":3},{"id":109,"meta":0},{"id":109,"meta":3},{"id":35,"meta":3},{"id":108,"meta":1},{"id":108,"meta":3},{"id":85,"meta":0},{"id":164,"meta":6},{"id":108,"meta":1},{"id":108,"meta":3},{"id":35,"meta":3},{"id":109,"meta":3},{"id":109,"meta":2},{"id":35,"meta":3}],[{"id":109,"meta":1},{"id":33,"meta":4},{"id":0,"meta":0},{"id":0,"meta":0},{"id":0,"meta":0},{"id":0,"meta":0},{"id":0,"meta":0},{"id":0,"meta":0},{"id":0,"meta":0},{"id":0,"meta":0},{"id":0,"meta":0},{"id":0,"meta":0},{"id":0,"meta":0},{"id":109,"meta":0}],[{"id":109,"meta":1},{"id":0,"meta":0},{"id":0,"meta":0},{"id":0,"meta":0},{"id":0,"meta":0},{"id":0,"meta":0},{"id":0,"meta":0},{"id":0,"meta":0},{"id":0,"meta":0},{"id":0,"meta":0},{"id":0,"meta":0},{"id":0,"meta":0},{"id":0,"meta":0},{"id":109,"meta":2}],[{"id":35,"meta":3},{"id":0,"meta":0},{"id":0,"meta":0},{"id":0,"meta":0},{"id":0,"meta":0},{"id":0,"meta":0},{"id":0,"meta":0},{"id":98,"meta":0},{"id":109,"meta":3},{"id":0,"meta":0},{"id":0,"meta":0},{"id":0,"meta":0},{"id":0,"meta":0},{"id":35,"meta":3}],[{"id":108,"meta":0},{"id":0,"meta":0},{"id":0,"meta":0},{"id":0,"meta":0},{"id":0,"meta":0},{"id":0,"meta":0},{"id":0,"meta":0},{"id":131,"meta":7},{"id":0,"meta":0},{"id":0,"meta":0},{"id":0,"meta":0},{"id":0,"meta":0},{"id":0,"meta":0},{"id":108,"meta":2}],[{"id":108,"meta":3},{"id":0,"meta":0},{"id":0,"meta":0},{"id":0,"meta":0},{"id":0,"meta":0},{"id":0,"meta":0},{"id":0,"meta":0},{"id":132,"meta":6},{"id":0,"meta":0},{"id":0,"meta":0},{"id":0,"meta":0},{"id":0,"meta":0},{"id":0,"meta":0},{"id":108,"meta":1}],[{"id":108,"meta":1},{"id":0,"meta":0},{"id":0,"meta":0},{"id":0,"meta":0},{"id":0,"meta":0},{"id":0,"meta":0},{"id":0,"meta":0},{"id":131,"meta":5},{"id":0,"meta":0},{"id":0,"meta":0},{"id":0,"meta":0},{"id":0,"meta":0},{"id":42,"meta":0},{"id":108,"meta":3}],[{"id":108,"meta":2},{"id":0,"meta":0},{"id":0,"meta":0},{"id":0,"meta":0},{"id":0,"meta":0},{"id":0,"meta":0},{"id":153,"meta":0},{"id":29,"meta":2},{"id":46,"meta":0},{"id":0,"meta":0},{"id":0,"meta":0},{"id":0,"meta":0},{"id":0,"meta":0},{"id":108,"meta":0}],[{"id":108,"meta":1},{"id":0,"meta":0},{"id":0,"meta":0},{"id":0,"meta":0},{"id":0,"meta":0},{"id":0,"meta":0},{"id":0,"meta":0},{"id":46,"meta":0},{"id":0,"meta":0},{"id":0,"meta":0},{"id":0,"meta":0},{"id":0,"meta":0},{"id":0,"meta":0},{"id":108,"meta":2}],[{"id":108,"meta":3},{"id":0,"meta":0},{"id":0,"meta":0},{"id":0,"meta":0},{"id":0,"meta":0},{"id":0,"meta":0},{"id":0,"meta":0},{"id":0,"meta":0},{"id":0,"meta":0},{"id":0,"meta":0},{"id":0,"meta":0},{"id":0,"meta":0},{"id":0,"meta":0},{"id":108,"meta":1}],[{"id":35,"meta":3},{"id":0,"meta":0},{"id":0,"meta":0},{"id":0,"meta":0},{"id":0,"meta":0},{"id":0,"meta":0},{"id":0,"meta":0},{"id":0,"meta":0},{"id":0,"meta":0},{"id":0,"meta":0},{"id":0,"meta":0},{"id":0,"meta":0},{"id":0,"meta":0},{"id":35,"meta":3}],[{"id":109,"meta":2},{"id":0,"meta":0},{"id":0,"meta":0},{"id":0,"meta":0},{"id":0,"meta":0},{"id":0,"meta":0},{"id":0,"meta":0},{"id":0,"meta":0},{"id":0,"meta":0},{"id":0,"meta":0},{"id":0,"meta":0},{"id":0,"meta":0},{"id":0,"meta":0},{"id":109,"meta":0}],[{"id":109,"meta":2},{"id":173,"meta":0},{"id":0,"meta":0},{"id":0,"meta":0},{"id":0,"meta":0},{"id":0,"meta":0},{"id":52,"meta":0},{"id":0,"meta":0},{"id":0,"meta":0},{"id":0,"meta":0},{"id":0,"meta":0},{"id":0,"meta":0},{"id":152,"meta":0},{"id":109,"meta":0}],[{"id":35,"meta":3},{"id":109,"meta":0},{"id":109,"meta":3},{"id":35,"meta":3},{"id":108,"meta":3},{"id":108,"meta":3},{"id":108,"meta":0},{"id":108,"meta":2},{"id":108,"meta":1},{"id":108,"meta":3},{"id":35,"meta":3},{"id":109,"meta":2},{"id":109,"meta":0},{"id":35,"meta":3}]],[[{"id":35,"meta":3},{"id":35,"meta":3},{"id":35,"meta":3},{"id":35,"meta":3},{"id":35,"meta":3},{"id":35,"meta":3},{"id":35,"meta":3},{"id":35,"meta":3},{"id":35,"meta":3},{"id":35,"meta":3},{"id":35,"meta":3},{"id":35,"meta":3},{"id":35,"meta":3},{"id":35,"meta":3}],[{"id":35,"meta":3},{"id":0,"meta":0},{"id":0,"meta":0},{"id":0,"meta":0},{"id":0,"meta":0},{"id":0,"meta":0},{"id":0,"meta":0},{"id":0,"meta":0},{"id":0,"meta":0},{"id":0,"meta":0},{"id":0,"meta":0},{"id":0,"meta":0},{"id":0,"meta":0},{"id":35,"meta":3}],[{"id":35,"meta":3},{"id":0,"meta":0},{"id":0,"meta":0},{"id":0,"meta":0},{"id":0,"meta":0},{"id":0,"meta":0},{"id":0,"meta":0},{"id":0,"meta":0},{"id":0,"meta":0},{"id":0,"meta":0},{"id":0,"meta":0},{"id":0,"meta":0},{"id":0,"meta":0},{"id":35,"meta":3}],[{"id":35,"meta":3},{"id":0,"meta":0},{"id":0,"meta":0},{"id":0,"meta":0},{"id":0,"meta":0},{"id":0,"meta":0},{"id":0,"meta":0},{"id":109,"meta":3},{"id":0,"meta":0},{"id":30,"meta":0},{"id":0,"meta":0},{"id":0,"meta":0},{"id":0,"meta":0},{"id":35,"meta":3}],[{"id":35,"meta":3},{"id":0,"meta":0},{"id":0,"meta":0},{"id":0,"meta":0},{"id":0,"meta":0},{"id":0,"meta":0},{"id":0,"meta":0},{"id":0,"meta":0},{"id":0,"meta":0},{"id":0,"meta":0},{"id":0,"meta":0},{"id":0,"meta":0},{"id":0,"meta":0},{"id":35,"meta":3}],[{"id":35,"meta":3},{"id":0,"meta":0},{"id":0,"meta":0},{"id":0,"meta":0},{"id":0,"meta":0},{"id":0,"meta":0},{"id":0,"meta":0},{"id":0,"meta":0},{"id":0,"meta":0},{"id":0,"meta":0},{"id":0,"meta":0},{"id":0,"meta":0},{"id":0,"meta":0},{"id":35,"meta":3}],[{"id":35,"meta":3},{"id":0,"meta":0},{"id":0,"meta":0},{"id":0,"meta":0},{"id":0,"meta":0},{"id":0,"meta":0},{"id":0,"meta":0},{"id":0,"meta":0},{"id":0,"meta":0},{"id":0,"meta":0},{"id":0,"meta":0},{"id":0,"meta":0},{"id":0,"meta":0},{"id":35,"meta":3}],[{"id":35,"meta":3},{"id":0,"meta":0},{"id":0,"meta":0},{"id":0,"meta":0},{"id":0,"meta":0},{"id":0,"meta":0},{"id":0,"meta":0},{"id":46,"meta":0},{"id":0,"meta":0},{"id":0,"meta":0},{"id":0,"meta":0},{"id":0,"meta":0},{"id":0,"meta":0},{"id":35,"meta":3}],[{"id":35,"meta":3},{"id":0,"meta":0},{"id":0,"meta":0},{"id":0,"meta":0},{"id":0,"meta":0},{"id":0,"meta":0},{"id":0,"meta":0},{"id":0,"meta":0},{"id":0,"meta":0},{"id":0,"meta":0},{"id":0,"meta":0},{"id":0,"meta":0},{"id":0,"meta":0},{"id":35,"meta":3}],[{"id":35,"meta":3},{"id":0,"meta":0},{"id":0,"meta":0},{"id":0,"meta":0},{"id":0,"meta":0},{"id":0,"meta":0},{"id":0,"meta":0},{"id":0,"meta":0},{"id":0,"meta":0},{"id":0,"meta":0},{"id":0,"meta":0},{"id":0,"meta":0},{"id":0,"meta":0},{"id":35,"meta":3}],[{"id":35,"meta":3},{"id":30,"meta":0},{"id":0,"meta":0},{"id":0,"meta":0},{"id":0,"meta":0},{"id":0,"meta":0},{"id":0,"meta":0},{"id":0,"meta":0},{"id":0,"meta":0},{"id":0,"meta":0},{"id":0,"meta":0},{"id":0,"meta":0},{"id":0,"meta":0},{"id":35,"meta":3}],[{"id":35,"meta":3},{"id":0,"meta":0},{"id":0,"meta":0},{"id":0,"meta":0},{"id":0,"meta":0},{"id":0,"meta":0},{"id":0,"meta":0},{"id":0,"meta":0},{"id":0,"meta":0},{"id":0,"meta":0},{"id":0,"meta":0},{"id":0,"meta":0},{"id":0,"meta":0},{"id":35,"meta":3}],[{"id":35,"meta":3},{"id":0,"meta":0},{"id":0,"meta":0},{"id":0,"meta":0},{"id":0,"meta":0},{"id":0,"meta":0},{"id":0,"meta":0},{"id":0,"meta":0},{"id":0,"meta":0},{"id":0,"meta":0},{"id":0,"meta":0},{"id":0,"meta":0},{"id":0,"meta":0},{"id":35,"meta":3}],[{"id":35,"meta":3},{"id":35,"meta":3},{"id":35,"meta":3},{"id":35,"meta":3},{"id":35,"meta":3},{"id":35,"meta":3},{"id":35,"meta":3},{"id":35,"meta":3},{"id":35,"meta":3},{"id":35,"meta":3},{"id":35,"meta":3},{"id":35,"meta":3},{"id":35,"meta":3},{"id":35,"meta":3}]],[[{"id":164,"meta":0},{"id":164,"meta":0},{"id":164,"meta":0},{"id":164,"meta":0},{"id":164,"meta":0},{"id":164,"meta":0},{"id":164,"meta":0},{"id":164,"meta":0},{"id":164,"meta":0},{"id":164,"meta":0},{"id":164,"meta":0},{"id":164,"meta":0},{"id":164,"meta":0},{"id":164,"meta":3}],[{"id":164,"meta":2},{"id":35,"meta":7},{"id":35,"meta":7},{"id":35,"meta":7},{"id":35,"meta":7},{"id":35,"meta":7},{"id":35,"meta":7},{"id":35,"meta":7},{"id":35,"meta":7},{"id":35,"meta":7},{"id":35,"meta":7},{"id":35,"meta":7},{"id":35,"meta":7},{"id":164,"meta":3}],[{"id":164,"meta":2},{"id":35,"meta":7},{"id":0,"meta":0},{"id":0,"meta":0},{"id":0,"meta":0},{"id":0,"meta":0},{"id":0,"meta":0},{"id":0,"meta":0},{"id":0,"meta":0},{"id":0,"meta":0},{"id":0,"meta":0},{"id":0,"meta":0},{"id":35,"meta":7},{"id":164,"meta":3}],[{"id":164,"meta":2},{"id":35,"meta":7},{"id":0,"meta":0},{"id":0,"meta":0},{"id":0,"meta":0},{"id":0,"meta":0},{"id":0,"meta":0},{"id":0,"meta":0},{"id":0,"meta":0},{"id":109,"meta":2},{"id":98,"meta":0},{"id":0,"meta":0},{"id":35,"meta":7},{"id":164,"meta":3}],[{"id":164,"meta":2},{"id":35,"meta":7},{"id":0,"meta":0},{"id":0,"meta":0},{"id":0,"meta":0},{"id":0,"meta":0},{"id":0,"meta":0},{"id":0,"meta":0},{"id":0,"meta":0},{"id":0,"meta":0},{"id":0,"meta":0},{"id":0,"meta":0},{"id":35,"meta":7},{"id":164,"meta":3}],[{"id":164,"meta":2},{"id":35,"meta":7},{"id":0,"meta":0},{"id":0,"meta":0},{"id":0,"meta":0},{"id":0,"meta":0},{"id":0,"meta":0},{"id":0,"meta":0},{"id":0,"meta":0},{"id":0,"meta":0},{"id":0,"meta":0},{"id":0,"meta":0},{"id":35,"meta":7},{"id":164,"meta":3}],[{"id":164,"meta":2},{"id":35,"meta":7},{"id":0,"meta":0},{"id":0,"meta":0},{"id":0,"meta":0},{"id":0,"meta":0},{"id":0,"meta":0},{"id":0,"meta":0},{"id":0,"meta":0},{"id":0,"meta":0},{"id":0,"meta":0},{"id":0,"meta":0},{"id":35,"meta":7},{"id":164,"meta":3}],[{"id":164,"meta":2},{"id":35,"meta":7},{"id":0,"meta":0},{"id":0,"meta":0},{"id":0,"meta":0},{"id":0,"meta":0},{"id":0,"meta":0},{"id":0,"meta":0},{"id":0,"meta":0},{"id":0,"meta":0},{"id":0,"meta":0},{"id":0,"meta":0},{"id":35,"meta":7},{"id":164,"meta":3}],[{"id":164,"meta":2},{"id":35,"meta":7},{"id":0,"meta":0},{"id":0,"meta":0},{"id":0,"meta":0},{"id":0,"meta":0},{"id":0,"meta":0},{"id":0,"meta":0},{"id":0,"meta":0},{"id":0,"meta":0},{"id":0,"meta":0},{"id":0,"meta":0},{"id":35,"meta":7},{"id":164,"meta":3}],[{"id":164,"meta":2},{"id":35,"meta":7},{"id":0,"meta":0},{"id":0,"meta":0},{"id":0,"meta":0},{"id":0,"meta":0},{"id":0,"meta":0},{"id":0,"meta":0},{"id":0,"meta":0},{"id":0,"meta":0},{"id":0,"meta":0},{"id":0,"meta":0},{"id":35,"meta":7},{"id":164,"meta":3}],[{"id":164,"meta":2},{"id":35,"meta":7},{"id":0,"meta":0},{"id":0,"meta":0},{"id":0,"meta":0},{"id":0,"meta":0},{"id":0,"meta":0},{"id":0,"meta":0},{"id":0,"meta":0},{"id":0,"meta":0},{"id":0,"meta":0},{"id":0,"meta":0},{"id":35,"meta":7},{"id":164,"meta":3}],[{"id":164,"meta":2},{"id":35,"meta":7},{"id":0,"meta":0},{"id":0,"meta":0},{"id":0,"meta":0},{"id":0,"meta":0},{"id":0,"meta":0},{"id":0,"meta":0},{"id":0,"meta":0},{"id":0,"meta":0},{"id":0,"meta":0},{"id":0,"meta":0},{"id":35,"meta":7},{"id":164,"meta":3}],[{"id":164,"meta":2},{"id":35,"meta":7},{"id":35,"meta":7},{"id":35,"meta":7},{"id":35,"meta":7},{"id":35,"meta":7},{"id":35,"meta":7},{"id":35,"meta":7},{"id":35,"meta":7},{"id":35,"meta":7},{"id":35,"meta":7},{"id":35,"meta":7},{"id":35,"meta":7},{"id":164,"meta":3}],[{"id":164,"meta":2},{"id":164,"meta":1},{"id":164,"meta":1},{"id":164,"meta":1},{"id":164,"meta":1},{"id":164,"meta":1},{"id":164,"meta":1},{"id":164,"meta":1},{"id":164,"meta":1},{"id":164,"meta":1},{"id":164,"meta":1},{"id":164,"meta":1},{"id":164,"meta":1},{"id":164,"meta":1}]],[[{"id":0,"meta":0},{"id":0,"meta":0},{"id":0,"meta":0},{"id":0,"meta":0},{"id":0,"meta":0},{"id":0,"meta":0},{"id":0,"meta":0},{"id":0,"meta":0},{"id":0,"meta":0},{"id":0,"meta":0},{"id":0,"meta":0},{"id":0,"meta":0},{"id":0,"meta":0},{"id":0,"meta":0}],[{"id":0,"meta":0},{"id":109,"meta":2},{"id":109,"meta":0},{"id":109,"meta":0},{"id":109,"meta":0},{"id":109,"meta":0},{"id":109,"meta":0},{"id":109,"meta":0},{"id":109,"meta":0},{"id":109,"meta":0},{"id":109,"meta":0},{"id":109,"meta":0},{"id":109,"meta":3},{"id":0,"meta":0}],[{"id":0,"meta":0},{"id":109,"meta":2},{"id":98,"meta":0},{"id":98,"meta":0},{"id":98,"meta":0},{"id":98,"meta":0},{"id":98,"meta":0},{"id":98,"meta":0},{"id":98,"meta":0},{"id":98,"meta":0},{"id":98,"meta":0},{"id":98,"meta":0},{"id":109,"meta":3},{"id":0,"meta":0}],[{"id":0,"meta":0},{"id":109,"meta":2},{"id":98,"meta":0},{"id":109,"meta":1},{"id":98,"meta":0},{"id":109,"meta":5},{"id":0,"meta":0},{"id":0,"meta":0},{"id":0,"meta":0},{"id":0,"meta":0},{"id":98,"meta":0},{"id":98,"meta":0},{"id":109,"meta":3},{"id":0,"meta":0}],[{"id":0,"meta":0},{"id":109,"meta":2},{"id":98,"meta":0},{"id":98,"meta":0},{"id":98,"meta":0},{"id":98,"meta":0},{"id":98,"meta":0},{"id":98,"meta":0},{"id":98,"meta":0},{"id":98,"meta":0},{"id":98,"meta":0},{"id":98,"meta":0},{"id":109,"meta":3},{"id":0,"meta":0}],[{"id":0,"meta":0},{"id":109,"meta":2},{"id":98,"meta":0},{"id":109,"meta":1},{"id":98,"meta":0},{"id":98,"meta":0},{"id":98,"meta":0},{"id":98,"meta":0},{"id":98,"meta":0},{"id":98,"meta":0},{"id":109,"meta":4},{"id":98,"meta":0},{"id":109,"meta":3},{"id":0,"meta":0}],[{"id":0,"meta":0},{"id":109,"meta":2},{"id":98,"meta":0},{"id":109,"meta":1},{"id":98,"meta":0},{"id":98,"meta":0},{"id":98,"meta":0},{"id":98,"meta":0},{"id":98,"meta":0},{"id":98,"meta":0},{"id":109,"meta":6},{"id":98,"meta":0},{"id":109,"meta":3},{"id":0,"meta":0}],[{"id":0,"meta":0},{"id":109,"meta":2},{"id":98,"meta":0},{"id":109,"meta":5},{"id":98,"meta":0},{"id":98,"meta":0},{"id":98,"meta":0},{"id":98,"meta":0},{"id":98,"meta":0},{"id":98,"meta":0},{"id":98,"meta":0},{"id":98,"meta":0},{"id":109,"meta":3},{"id":0,"meta":0}],[{"id":0,"meta":0},{"id":109,"meta":2},{"id":98,"meta":0},{"id":109,"meta":1},{"id":98,"meta":0},{"id":98,"meta":0},{"id":98,"meta":0},{"id":98,"meta":0},{"id":98,"meta":0},{"id":98,"meta":0},{"id":109,"meta":2},{"id":98,"meta":0},{"id":109,"meta":3},{"id":0,"meta":0}],[{"id":0,"meta":0},{"id":109,"meta":2},{"id":98,"meta":0},{"id":98,"meta":0},{"id":98,"meta":0},{"id":98,"meta":0},{"id":98,"meta":0},{"id":98,"meta":0},{"id":98,"meta":0},{"id":98,"meta":0},{"id":109,"meta":0},{"id":98,"meta":0},{"id":109,"meta":3},{"id":0,"meta":0}],[{"id":0,"meta":0},{"id":109,"meta":2},{"id":98,"meta":0},{"id":98,"meta":0},{"id":109,"meta":3},{"id":98,"meta":0},{"id":98,"meta":0},{"id":109,"meta":2},{"id":98,"meta":0},{"id":109,"meta":0},{"id":98,"meta":0},{"id":98,"meta":0},{"id":109,"meta":3},{"id":0,"meta":0}],[{"id":0,"meta":0},{"id":109,"meta":2},{"id":98,"meta":0},{"id":98,"meta":0},{"id":98,"meta":0},{"id":98,"meta":0},{"id":98,"meta":0},{"id":98,"meta":0},{"id":98,"meta":0},{"id":98,"meta":0},{"id":98,"meta":0},{"id":98,"meta":0},{"id":109,"meta":3},{"id":0,"meta":0}],[{"id":0,"meta":0},{"id":109,"meta":1},{"id":109,"meta":1},{"id":109,"meta":1},{"id":109,"meta":1},{"id":109,"meta":1},{"id":109,"meta":1},{"id":109,"meta":1},{"id":109,"meta":1},{"id":109,"meta":1},{"id":109,"meta":1},{"id":109,"meta":1},{"id":109,"meta":1},{"id":0,"meta":0}],[{"id":0,"meta":0},{"id":0,"meta":0},{"id":0,"meta":0},{"id":0,"meta":0},{"id":0,"meta":0},{"id":0,"meta":0},{"id":0,"meta":0},{"id":0,"meta":0},{"id":0,"meta":0},{"id":0,"meta":0},{"id":0,"meta":0},{"id":0,"meta":0},{"id":0,"meta":0},{"id":0,"meta":0}]],[[{"id":0,"meta":0},{"id":0,"meta":0},{"id":0,"meta":0},{"id":0,"meta":0},{"id":0,"meta":0},{"id":0,"meta":0},{"id":0,"meta":0},{"id":0,"meta":0},{"id":0,"meta":0},{"id":0,"meta":0},{"id":0,"meta":0},{"id":0,"meta":0},{"id":0,"meta":0},{"id":0,"meta":0}],[{"id":0,"meta":0},{"id":0,"meta":0},{"id":0,"meta":0},{"id":0,"meta":0},{"id":0,"meta":0},{"id":0,"meta":0},{"id":0,"meta":0},{"id":0,"meta":0},{"id":18,"meta":12},{"id":0,"meta":0},{"id":0,"meta":0},{"id":0,"meta":0},{"id":0,"meta":0},{"id":0,"meta":0}],[{"id":0,"meta":0},{"id":0,"meta":0},{"id":98,"meta":0},{"id":98,"meta":0},{"id":98,"meta":0},{"id":98,"meta":0},{"id":98,"meta":0},{"id":98,"meta":0},{"id":98,"meta":0},{"id":98,"meta":0},{"id":98,"meta":0},{"id":98,"meta":0},{"id":0,"meta":0},{"id":0,"meta":0}],[{"id":0,"meta":0},{"id":0,"meta":0},{"id":98,"meta":0},{"id":54,"meta":5},{"id":0,"meta":0},{"id":29,"meta":4},{"id":131,"meta":4},{"id":132,"meta":6},{"id":132,"meta":6},{"id":132,"meta":6},{"id":131,"meta":6},{"id":98,"meta":0},{"id":0,"meta":0},{"id":0,"meta":0}],[{"id":0,"meta":0},{"id":0,"meta":0},{"id":98,"meta":0},{"id":0,"meta":0},{"id":0,"meta":0},{"id":152,"meta":0},{"id":109,"meta":1},{"id":109,"meta":1},{"id":109,"meta":2},{"id":132,"meta":2},{"id":0,"meta":0},{"id":98,"meta":0},{"id":0,"meta":0},{"id":0,"meta":0}],[{"id":0,"meta":0},{"id":0,"meta":0},{"id":98,"meta":0},{"id":41,"meta":0},{"id":0,"meta":0},{"id":0,"meta":0},{"id":0,"meta":0},{"id":0,"meta":0},{"id":98,"meta":0},{"id":131,"meta":1},{"id":0,"meta":0},{"id":98,"meta":0},{"id":0,"meta":0},{"id":0,"meta":0}],[{"id":0,"meta":0},{"id":0,"meta":0},{"id":98,"meta":0},{"id":0,"meta":0},{"id":57,"meta":0},{"id":46,"meta":0},{"id":46,"meta":0},{"id":0,"meta":0},{"id":0,"meta":0},{"id":29,"meta":2},{"id":0,"meta":0},{"id":0,"meta":0},{"id":0,"meta":0},{"id":0,"meta":0}],[{"id":0,"meta":0},{"id":0,"meta":0},{"id":98,"meta":0},{"id":251,"meta":2},{"id":133,"meta":0},{"id":46,"meta":0},{"id":46,"meta":0},{"id":46,"meta":0},{"id":0,"meta":0},{"id":0,"meta":0},{"id":0,"meta":0},{"id":109,"meta":0},{"id":0,"meta":0},{"id":0,"meta":0}],[{"id":0,"meta":0},{"id":0,"meta":0},{"id":98,"meta":0},{"id":57,"meta":0},{"id":0,"meta":0},{"id":46,"meta":0},{"id":138,"meta":0},{"id":251,"meta":2},{"id":0,"meta":0},{"id":29,"meta":3},{"id":0,"meta":0},{"id":98,"meta":0},{"id":18,"meta":12},{"id":0,"meta":0}],[{"id":0,"meta":0},{"id":0,"meta":0},{"id":98,"meta":0},{"id":42,"meta":0},{"id":0,"meta":0},{"id":0,"meta":0},{"id":0,"meta":0},{"id":0,"meta":0},{"id":34,"meta":5},{"id":0,"meta":0},{"id":152,"meta":0},{"id":98,"meta":0},{"id":0,"meta":0},{"id":0,"meta":0}],[{"id":0,"meta":0},{"id":0,"meta":0},{"id":98,"meta":0},{"id":42,"meta":0},{"id":42,"meta":0},{"id":0,"meta":0},{"id":0,"meta":0},{"id":0,"meta":0},{"id":29,"meta":5},{"id":152,"meta":0},{"id":152,"meta":0},{"id":98,"meta":0},{"id":0,"meta":0},{"id":0,"meta":0}],[{"id":0,"meta":0},{"id":0,"meta":0},{"id":98,"meta":0},{"id":98,"meta":0},{"id":98,"meta":0},{"id":98,"meta":0},{"id":98,"meta":0},{"id":98,"meta":0},{"id":98,"meta":0},{"id":98,"meta":0},{"id":98,"meta":0},{"id":98,"meta":0},{"id":0,"meta":0},{"id":0,"meta":0}],[{"id":0,"meta":0},{"id":0,"meta":0},{"id":0,"meta":0},{"id":0,"meta":0},{"id":0,"meta":0},{"id":0,"meta":0},{"id":0,"meta":0},{"id":0,"meta":0},{"id":0,"meta":0},{"id":0,"meta":0},{"id":0,"meta":0},{"id":0,"meta":0},{"id":0,"meta":0},{"id":0,"meta":0}],[{"id":0,"meta":0},{"id":0,"meta":0},{"id":0,"meta":0},{"id":0,"meta":0},{"id":0,"meta":0},{"id":0,"meta":0},{"id":0,"meta":0},{"id":0,"meta":0},{"id":0,"meta":0},{"id":0,"meta":0},{"id":0,"meta":0},{"id":0,"meta":0},{"id":0,"meta":0},{"id":0,"meta":0}]],[[{"id":0,"meta":0},{"id":0,"meta":0},{"id":0,"meta":0},{"id":0,"meta":0},{"id":0,"meta":0},{"id":0,"meta":0},{"id":0,"meta":0},{"id":0,"meta":0},{"id":18,"meta":12},{"id":0,"meta":0},{"id":0,"meta":0},{"id":0,"meta":0},{"id":0,"meta":0},{"id":0,"meta":0}],[{"id":0,"meta":0},{"id":0,"meta":0},{"id":0,"meta":0},{"id":0,"meta":0},{"id":0,"meta":0},{"id":0,"meta":0},{"id":0,"meta":0},{"id":18,"meta":8},{"id":18,"meta":12},{"id":18,"meta":8},{"id":0,"meta":0},{"id":0,"meta":0},{"id":0,"meta":0},{"id":0,"meta":0}],[{"id":0,"meta":0},{"id":0,"meta":0},{"id":98,"meta":0},{"id":98,"meta":0},{"id":98,"meta":0},{"id":98,"meta":0},{"id":98,"meta":0},{"id":98,"meta":0},{"id":98,"meta":0},{"id":98,"meta":0},{"id":98,"meta":0},{"id":98,"meta":0},{"id":0,"meta":0},{"id":0,"meta":0}],[{"id":0,"meta":0},{"id":0,"meta":0},{"id":98,"meta":0},{"id":0,"meta":0},{"id":0,"meta":0},{"id":0,"meta":0},{"id":0,"meta":0},{"id":0,"meta":0},{"id":0,"meta":0},{"id":0,"meta":0},{"id":0,"meta":0},{"id":98,"meta":0},{"id":0,"meta":0},{"id":0,"meta":0}],[{"id":0,"meta":0},{"id":0,"meta":0},{"id":98,"meta":0},{"id":0,"meta":0},{"id":0,"meta":0},{"id":0,"meta":0},{"id":0,"meta":0},{"id":0,"meta":0},{"id":0,"meta":0},{"id":0,"meta":0},{"id":0,"meta":0},{"id":98,"meta":0},{"id":0,"meta":0},{"id":0,"meta":0}],[{"id":0,"meta":0},{"id":0,"meta":0},{"id":98,"meta":0},{"id":0,"meta":0},{"id":0,"meta":0},{"id":0,"meta":0},{"id":0,"meta":0},{"id":0,"meta":0},{"id":98,"meta":0},{"id":109,"meta":0},{"id":0,"meta":0},{"id":98,"meta":0},{"id":0,"meta":0},{"id":0,"meta":0}],[{"id":0,"meta":0},{"id":0,"meta":0},{"id":98,"meta":0},{"id":0,"meta":0},{"id":0,"meta":0},{"id":0,"meta":0},{"id":0,"meta":0},{"id":0,"meta":0},{"id":0,"meta":0},{"id":0,"meta":0},{"id":0,"meta":0},{"id":0,"meta":0},{"id":0,"meta":0},{"id":0,"meta":0}],[{"id":0,"meta":0},{"id":0,"meta":0},{"id":98,"meta":0},{"id":133,"meta":0},{"id":0,"meta":0},{"id":46,"meta":0},{"id":46,"meta":0},{"id":0,"meta":0},{"id":0,"meta":0},{"id":0,"meta":0},{"id":0,"meta":0},{"id":85,"meta":0},{"id":0,"meta":0},{"id":0,"meta":0}],[{"id":0,"meta":0},{"id":0,"meta":0},{"id":98,"meta":0},{"id":41,"meta":0},{"id":0,"meta":0},{"id":0,"meta":0},{"id":0,"meta":0},{"id":0,"meta":0},{"id":0,"meta":0},{"id":0,"meta":0},{"id":0,"meta":0},{"id":98,"meta":0},{"id":18,"meta":12},{"id":0,"meta":0}],[{"id":0,"meta":0},{"id":0,"meta":0},{"id":98,"meta":0},{"id":0,"meta":0},{"id":0,"meta":0},{"id":0,"meta":0},{"id":0,"meta":0},{"id":0,"meta":0},{"id":0,"meta":0},{"id":0,"meta":0},{"id":0,"meta":0},{"id":98,"meta":0},{"id":0,"meta":0},{"id":0,"meta":0}],[{"id":0,"meta":0},{"id":0,"meta":0},{"id":98,"meta":0},{"id":42,"meta":0},{"id":0,"meta":0},{"id":0,"meta":0},{"id":0,"meta":0},{"id":0,"meta":0},{"id":0,"meta":0},{"id":0,"meta":0},{"id":152,"meta":0},{"id":98,"meta":0},{"id":0,"meta":0},{"id":0,"meta":0}],[{"id":0,"meta":0},{"id":0,"meta":0},{"id":98,"meta":0},{"id":98,"meta":0},{"id":98,"meta":0},{"id":98,"meta":0},{"id":98,"meta":0},{"id":98,"meta":0},{"id":98,"meta":0},{"id":98,"meta":0},{"id":98,"meta":0},{"id":98,"meta":0},{"id":0,"meta":0},{"id":0,"meta":0}],[{"id":0,"meta":0},{"id":0,"meta":0},{"id":0,"meta":0},{"id":0,"meta":0},{"id":0,"meta":0},{"id":0,"meta":0},{"id":0,"meta":0},{"id":0,"meta":0},{"id":0,"meta":0},{"id":0,"meta":0},{"id":0,"meta":0},{"id":0,"meta":0},{"id":0,"meta":0},{"id":0,"meta":0}],[{"id":0,"meta":0},{"id":0,"meta":0},{"id":0,"meta":0},{"id":0,"meta":0},{"id":0,"meta":0},{"id":0,"meta":0},{"id":0,"meta":0},{"id":0,"meta":0},{"id":0,"meta":0},{"id":0,"meta":0},{"id":0,"meta":0},{"id":0,"meta":0},{"id":0,"meta":0},{"id":0,"meta":0}]],[[{"id":0,"meta":0},{"id":0,"meta":0},{"id":0,"meta":0},{"id":0,"meta":0},{"id":0,"meta":0},{"id":0,"meta":0},{"id":0,"meta":0},{"id":0,"meta":0},{"id":0,"meta":0},{"id":0,"meta":0},{"id":0,"meta":0},{"id":0,"meta":0},{"id":0,"meta":0},{"id":0,"meta":0}],[{"id":0,"meta":0},{"id":0,"meta":0},{"id":0,"meta":0},{"id":0,"meta":0},{"id":0,"meta":0},{"id":0,"meta":0},{"id":0,"meta":0},{"id":0,"meta":0},{"id":18,"meta":8},{"id":0,"meta":0},{"id":0,"meta":0},{"id":0,"meta":0},{"id":0,"meta":0},{"id":0,"meta":0}],[{"id":0,"meta":0},{"id":0,"meta":0},{"id":108,"meta":2},{"id":108,"meta":0},{"id":108,"meta":0},{"id":108,"meta":0},{"id":108,"meta":0},{"id":18,"meta":8},{"id":18,"meta":8},{"id":108,"meta":0},{"id":108,"meta":0},{"id":108,"meta":0},{"id":0,"meta":0},{"id":0,"meta":0}],[{"id":0,"meta":0},{"id":0,"meta":0},{"id":108,"meta":2},{"id":108,"meta":7},{"id":108,"meta":5},{"id":108,"meta":5},{"id":108,"meta":5},{"id":108,"meta":5},{"id":108,"meta":5},{"id":108,"meta":5},{"id":108,"meta":6},{"id":108,"meta":3},{"id":0,"meta":0},{"id":0,"meta":0}],[{"id":0,"meta":0},{"id":0,"meta":0},{"id":108,"meta":2},{"id":108,"meta":7},{"id":0,"meta":0},{"id":0,"meta":0},{"id":0,"meta":0},{"id":0,"meta":0},{"id":0,"meta":0},{"id":0,"meta":0},{"id":108,"meta":6},{"id":108,"meta":3},{"id":0,"meta":0},{"id":0,"meta":0}],[{"id":0,"meta":0},{"id":0,"meta":0},{"id":108,"meta":2},{"id":108,"meta":7},{"id":0,"meta":0},{"id":0,"meta":0},{"id":0,"meta":0},{"id":0,"meta":0},{"id":0,"meta":0},{"id":0,"meta":0},{"id":108,"meta":6},{"id":108,"meta":3},{"id":0,"meta":0},{"id":0,"meta":0}],[{"id":0,"meta":0},{"id":0,"meta":0},{"id":108,"meta":2},{"id":108,"meta":7},{"id":0,"meta":0},{"id":0,"meta":0},{"id":0,"meta":0},{"id":0,"meta":0},{"id":0,"meta":0},{"id":0,"meta":0},{"id":108,"meta":6},{"id":108,"meta":3},{"id":0,"meta":0},{"id":0,"meta":0}],[{"id":0,"meta":0},{"id":0,"meta":0},{"id":108,"meta":2},{"id":108,"meta":7},{"id":0,"meta":0},{"id":0,"meta":0},{"id":0,"meta":0},{"id":0,"meta":0},{"id":0,"meta":0},{"id":0,"meta":0},{"id":108,"meta":6},{"id":108,"meta":3},{"id":0,"meta":0},{"id":0,"meta":0}],[{"id":0,"meta":0},{"id":0,"meta":0},{"id":108,"meta":2},{"id":108,"meta":7},{"id":0,"meta":0},{"id":0,"meta":0},{"id":0,"meta":0},{"id":0,"meta":0},{"id":0,"meta":0},{"id":0,"meta":0},{"id":108,"meta":6},{"id":18,"meta":8},{"id":0,"meta":0},{"id":0,"meta":0}],[{"id":0,"meta":0},{"id":0,"meta":0},{"id":108,"meta":2},{"id":108,"meta":7},{"id":0,"meta":0},{"id":0,"meta":0},{"id":0,"meta":0},{"id":0,"meta":0},{"id":0,"meta":0},{"id":0,"meta":0},{"id":108,"meta":6},{"id":108,"meta":3},{"id":0,"meta":0},{"id":0,"meta":0}],[{"id":0,"meta":0},{"id":0,"meta":0},{"id":108,"meta":2},{"id":108,"meta":4},{"id":108,"meta":4},{"id":108,"meta":4},{"id":108,"meta":4},{"id":108,"meta":4},{"id":108,"meta":4},{"id":108,"meta":4},{"id":108,"meta":6},{"id":108,"meta":3},{"id":0,"meta":0},{"id":0,"meta":0}],[{"id":0,"meta":0},{"id":0,"meta":0},{"id":108,"meta":1},{"id":108,"meta":1},{"id":108,"meta":1},{"id":108,"meta":1},{"id":108,"meta":1},{"id":108,"meta":1},{"id":108,"meta":1},{"id":108,"meta":1},{"id":108,"meta":1},{"id":108,"meta":3},{"id":0,"meta":0},{"id":0,"meta":0}],[{"id":0,"meta":0},{"id":0,"meta":0},{"id":0,"meta":0},{"id":0,"meta":0},{"id":0,"meta":0},{"id":0,"meta":0},{"id":0,"meta":0},{"id":0,"meta":0},{"id":0,"meta":0},{"id":0,"meta":0},{"id":0,"meta":0},{"id":0,"meta":0},{"id":0,"meta":0},{"id":0,"meta":0}],[{"id":0,"meta":0},{"id":0,"meta":0},{"id":0,"meta":0},{"id":0,"meta":0},{"id":0,"meta":0},{"id":0,"meta":0},{"id":0,"meta":0},{"id":0,"meta":0},{"id":0,"meta":0},{"id":0,"meta":0},{"id":0,"meta":0},{"id":0,"meta":0},{"id":0,"meta":0},{"id":0,"meta":0}]],[[{"id":0,"meta":0},{"id":0,"meta":0},{"id":0,"meta":0},{"id":0,"meta":0},{"id":0,"meta":0},{"id":0,"meta":0},{"id":0,"meta":0},{"id":0,"meta":0},{"id":0,"meta":0},{"id":0,"meta":0},{"id":0,"meta":0},{"id":0,"meta":0},{"id":0,"meta":0},{"id":0,"meta":0}],[{"id":0,"meta":0},{"id":0,"meta":0},{"id":0,"meta":0},{"id":0,"meta":0},{"id":0,"meta":0},{"id":0,"meta":0},{"id":0,"meta":0},{"id":0,"meta":0},{"id":0,"meta":0},{"id":0,"meta":0},{"id":0,"meta":0},{"id":0,"meta":0},{"id":0,"meta":0},{"id":0,"meta":0}],[{"id":0,"meta":0},{"id":0,"meta":0},{"id":0,"meta":0},{"id":0,"meta":0},{"id":0,"meta":0},{"id":0,"meta":0},{"id":0,"meta":0},{"id":0,"meta":0},{"id":18,"meta":8},{"id":0,"meta":0},{"id":0,"meta":0},{"id":0,"meta":0},{"id":0,"meta":0},{"id":0,"meta":0}],[{"id":0,"meta":0},{"id":0,"meta":0},{"id":0,"meta":0},{"id":108,"meta":0},{"id":108,"meta":0},{"id":0,"meta":0},{"id":108,"meta":0},{"id":108,"meta":0},{"id":18,"meta":8},{"id":18,"meta":8},{"id":108,"meta":3},{"id":0,"meta":0},{"id":0,"meta":0},{"id":0,"meta":0}],[{"id":0,"meta":0},{"id":0,"meta":0},{"id":0,"meta":0},{"id":108,"meta":2},{"id":108,"meta":7},{"id":108,"meta":5},{"id":108,"meta":5},{"id":108,"meta":5},{"id":108,"meta":5},{"id":108,"meta":5},{"id":0,"meta":0},{"id":0,"meta":0},{"id":0,"meta":0},{"id":0,"meta":0}],[{"id":0,"meta":0},{"id":0,"meta":0},{"id":0,"meta":0},{"id":0,"meta":0},{"id":108,"meta":7},{"id":0,"meta":0},{"id":0,"meta":0},{"id":0,"meta":0},{"id":0,"meta":0},{"id":108,"meta":6},{"id":108,"meta":3},{"id":0,"meta":0},{"id":0,"meta":0},{"id":0,"meta":0}],[{"id":0,"meta":0},{"id":0,"meta":0},{"id":0,"meta":0},{"id":108,"meta":2},{"id":108,"meta":7},{"id":0,"meta":0},{"id":0,"meta":0},{"id":0,"meta":0},{"id":0,"meta":0},{"id":108,"meta":6},{"id":108,"meta":3},{"id":0,"meta":0},{"id":0,"meta":0},{"id":0,"meta":0}],[{"id":0,"meta":0},{"id":0,"meta":0},{"id":0,"meta":0},{"id":108,"meta":2},{"id":108,"meta":7},{"id":0,"meta":0},{"id":0,"meta":0},{"id":0,"meta":0},{"id":0,"meta":0},{"id":108,"meta":6},{"id":108,"meta":3},{"id":0,"meta":0},{"id":0,"meta":0},{"id":0,"meta":0}],[{"id":0,"meta":0},{"id":0,"meta":0},{"id":0,"meta":0},{"id":108,"meta":2},{"id":108,"meta":7},{"id":0,"meta":0},{"id":0,"meta":0},{"id":0,"meta":0},{"id":0,"meta":0},{"id":108,"meta":6},{"id":108,"meta":3},{"id":0,"meta":0},{"id":0,"meta":0},{"id":0,"meta":0}],[{"id":0,"meta":0},{"id":0,"meta":0},{"id":0,"meta":0},{"id":108,"meta":2},{"id":108,"meta":4},{"id":108,"meta":4},{"id":108,"meta":4},{"id":108,"meta":4},{"id":108,"meta":4},{"id":108,"meta":4},{"id":108,"meta":3},{"id":0,"meta":0},{"id":0,"meta":0},{"id":0,"meta":0}],[{"id":0,"meta":0},{"id":0,"meta":0},{"id":0,"meta":0},{"id":0,"meta":0},{"id":108,"meta":1},{"id":108,"meta":1},{"id":108,"meta":1},{"id":108,"meta":1},{"id":18,"meta":8},{"id":108,"meta":1},{"id":108,"meta":1},{"id":0,"meta":0},{"id":0,"meta":0},{"id":0,"meta":0}],[{"id":0,"meta":0},{"id":0,"meta":0},{"id":0,"meta":0},{"id":0,"meta":0},{"id":0,"meta":0},{"id":0,"meta":0},{"id":0,"meta":0},{"id":0,"meta":0},{"id":0,"meta":0},{"id":0,"meta":0},{"id":0,"meta":0},{"id":0,"meta":0},{"id":0,"meta":0},{"id":0,"meta":0}],[{"id":0,"meta":0},{"id":0,"meta":0},{"id":0,"meta":0},{"id":0,"meta":0},{"id":0,"meta":0},{"id":0,"meta":0},{"id":0,"meta":0},{"id":0,"meta":0},{"id":0,"meta":0},{"id":0,"meta":0},{"id":0,"meta":0},{"id":0,"meta":0},{"id":0,"meta":0},{"id":0,"meta":0}],[{"id":0,"meta":0},{"id":0,"meta":0},{"id":0,"meta":0},{"id":0,"meta":0},{"id":0,"meta":0},{"id":0,"meta":0},{"id":0,"meta":0},{"id":0,"meta":0},{"id":0,"meta":0},{"id":0,"meta":0},{"id":0,"meta":0},{"id":0,"meta":0},{"id":0,"meta":0},{"id":0,"meta":0}]],[[{"id":0,"meta":0},{"id":0,"meta":0},{"id":0,"meta":0},{"id":0,"meta":0},{"id":0,"meta":0},{"id":0,"meta":0},{"id":0,"meta":0},{"id":0,"meta":0},{"id":0,"meta":0},{"id":0,"meta":0},{"id":0,"meta":0},{"id":0,"meta":0},{"id":0,"meta":0},{"id":0,"meta":0}],[{"id":0,"meta":0},{"id":0,"meta":0},{"id":0,"meta":0},{"id":0,"meta":0},{"id":0,"meta":0},{"id":0,"meta":0},{"id":0,"meta":0},{"id":0,"meta":0},{"id":0,"meta":0},{"id":0,"meta":0},{"id":0,"meta":0},{"id":0,"meta":0},{"id":0,"meta":0},{"id":0,"meta":0}],[{"id":0,"meta":0},{"id":0,"meta":0},{"id":0,"meta":0},{"id":0,"meta":0},{"id":0,"meta":0},{"id":0,"meta":0},{"id":0,"meta":0},{"id":0,"meta":0},{"id":0,"meta":0},{"id":0,"meta":0},{"id":0,"meta":0},{"id":0,"meta":0},{"id":0,"meta":0},{"id":0,"meta":0}],[{"id":0,"meta":0},{"id":0,"meta":0},{"id":0,"meta":0},{"id":0,"meta":0},{"id":0,"meta":0},{"id":0,"meta":0},{"id":0,"meta":0},{"id":0,"meta":0},{"id":18,"meta":8},{"id":0,"meta":0},{"id":0,"meta":0},{"id":0,"meta":0},{"id":0,"meta":0},{"id":0,"meta":0}],[{"id":0,"meta":0},{"id":0,"meta":0},{"id":0,"meta":0},{"id":0,"meta":0},{"id":108,"meta":0},{"id":108,"meta":0},{"id":108,"meta":0},{"id":108,"meta":0},{"id":108,"meta":0},{"id":108,"meta":0},{"id":0,"meta":0},{"id":0,"meta":0},{"id":0,"meta":0},{"id":0,"meta":0}],[{"id":0,"meta":0},{"id":0,"meta":0},{"id":0,"meta":0},{"id":0,"meta":0},{"id":108,"meta":2},{"id":108,"meta":5},{"id":108,"meta":5},{"id":108,"meta":5},{"id":108,"meta":6},{"id":108,"meta":3},{"id":0,"meta":0},{"id":0,"meta":0},{"id":0,"meta":0},{"id":0,"meta":0}],[{"id":0,"meta":0},{"id":0,"meta":0},{"id":0,"meta":0},{"id":0,"meta":0},{"id":0,"meta":0},{"id":108,"meta":7},{"id":0,"meta":0},{"id":0,"meta":0},{"id":108,"meta":6},{"id":108,"meta":3},{"id":0,"meta":0},{"id":0,"meta":0},{"id":0,"meta":0},{"id":0,"meta":0}],[{"id":0,"meta":0},{"id":0,"meta":0},{"id":0,"meta":0},{"id":0,"meta":0},{"id":108,"meta":2},{"id":108,"meta":7},{"id":0,"meta":0},{"id":0,"meta":0},{"id":108,"meta":6},{"id":0,"meta":0},{"id":0,"meta":0},{"id":0,"meta":0},{"id":0,"meta":0},{"id":0,"meta":0}],[{"id":0,"meta":0},{"id":0,"meta":0},{"id":0,"meta":0},{"id":0,"meta":0},{"id":108,"meta":2},{"id":108,"meta":4},{"id":108,"meta":4},{"id":108,"meta":4},{"id":108,"meta":4},{"id":108,"meta":3},{"id":0,"meta":0},{"id":0,"meta":0},{"id":0,"meta":0},{"id":0,"meta":0}],[{"id":0,"meta":0},{"id":0,"meta":0},{"id":0,"meta":0},{"id":0,"meta":0},{"id":108,"meta":2},{"id":18,"meta":8},{"id":108,"meta":1},{"id":108,"meta":1},{"id":108,"meta":1},{"id":108,"meta":1},{"id":0,"meta":0},{"id":0,"meta":0},{"id":0,"meta":0},{"id":0,"meta":0}],[{"id":0,"meta":0},{"id":0,"meta":0},{"id":0,"meta":0},{"id":0,"meta":0},{"id":0,"meta":0},{"id":0,"meta":0},{"id":0,"meta":0},{"id":0,"meta":0},{"id":0,"meta":0},{"id":0,"meta":0},{"id":0,"meta":0},{"id":0,"meta":0},{"id":0,"meta":0},{"id":0,"meta":0}],[{"id":0,"meta":0},{"id":0,"meta":0},{"id":0,"meta":0},{"id":0,"meta":0},{"id":0,"meta":0},{"id":0,"meta":0},{"id":0,"meta":0},{"id":0,"meta":0},{"id":0,"meta":0},{"id":0,"meta":0},{"id":0,"meta":0},{"id":0,"meta":0},{"id":0,"meta":0},{"id":0,"meta":0}],[{"id":0,"meta":0},{"id":0,"meta":0},{"id":0,"meta":0},{"id":0,"meta":0},{"id":0,"meta":0},{"id":0,"meta":0},{"id":0,"meta":0},{"id":0,"meta":0},{"id":0,"meta":0},{"id":0,"meta":0},{"id":0,"meta":0},{"id":0,"meta":0},{"id":0,"meta":0},{"id":0,"meta":0}],[{"id":0,"meta":0},{"id":0,"meta":0},{"id":0,"meta":0},{"id":0,"meta":0},{"id":0,"meta":0},{"id":0,"meta":0},{"id":0,"meta":0},{"id":0,"meta":0},{"id":0,"meta":0},{"id":0,"meta":0},{"id":0,"meta":0},{"id":0,"meta":0},{"id":0,"meta":0},{"id":0,"meta":0}]],[[{"id":0,"meta":0},{"id":0,"meta":0},{"id":0,"meta":0},{"id":0,"meta":0},{"id":0,"meta":0},{"id":0,"meta":0},{"id":0,"meta":0},{"id":0,"meta":0},{"id":0,"meta":0},{"id":0,"meta":0},{"id":0,"meta":0},{"id":0,"meta":0},{"id":0,"meta":0},{"id":0,"meta":0}],[{"id":0,"meta":0},{"id":0,"meta":0},{"id":0,"meta":0},{"id":0,"meta":0},{"id":0,"meta":0},{"id":0,"meta":0},{"id":0,"meta":0},{"id":0,"meta":0},{"id":0,"meta":0},{"id":0,"meta":0},{"id":0,"meta":0},{"id":0,"meta":0},{"id":0,"meta":0},{"id":0,"meta":0}],[{"id":0,"meta":0},{"id":0,"meta":0},{"id":0,"meta":0},{"id":0,"meta":0},{"id":0,"meta":0},{"id":0,"meta":0},{"id":0,"meta":0},{"id":0,"meta":0},{"id":0,"meta":0},{"id":0,"meta":0},{"id":0,"meta":0},{"id":0,"meta":0},{"id":0,"meta":0},{"id":0,"meta":0}],[{"id":0,"meta":0},{"id":0,"meta":0},{"id":0,"meta":0},{"id":0,"meta":0},{"id":0,"meta":0},{"id":0,"meta":0},{"id":0,"meta":0},{"id":0,"meta":0},{"id":0,"meta":0},{"id":0,"meta":0},{"id":0,"meta":0},{"id":0,"meta":0},{"id":0,"meta":0},{"id":0,"meta":0}],[{"id":0,"meta":0},{"id":0,"meta":0},{"id":0,"meta":0},{"id":0,"meta":0},{"id":0,"meta":0},{"id":0,"meta":0},{"id":0,"meta":0},{"id":0,"meta":0},{"id":0,"meta":0},{"id":0,"meta":0},{"id":0,"meta":0},{"id":0,"meta":0},{"id":0,"meta":0},{"id":0,"meta":0}],[{"id":0,"meta":0},{"id":0,"meta":0},{"id":0,"meta":0},{"id":0,"meta":0},{"id":0,"meta":0},{"id":108,"meta":2},{"id":108,"meta":0},{"id":18,"meta":12},{"id":108,"meta":0},{"id":0,"meta":0},{"id":0,"meta":0},{"id":0,"meta":0},{"id":0,"meta":0},{"id":0,"meta":0}],[{"id":0,"meta":0},{"id":0,"meta":0},{"id":0,"meta":0},{"id":0,"meta":0},{"id":0,"meta":0},{"id":108,"meta":2},{"id":20,"meta":0},{"id":20,"meta":0},{"id":108,"meta":3},{"id":0,"meta":0},{"id":0,"meta":0},{"id":0,"meta":0},{"id":0,"meta":0},{"id":0,"meta":0}],[{"id":0,"meta":0},{"id":0,"meta":0},{"id":0,"meta":0},{"id":0,"meta":0},{"id":0,"meta":0},{"id":108,"meta":2},{"id":0,"meta":0},{"id":20,"meta":0},{"id":108,"meta":3},{"id":0,"meta":0},{"id":0,"meta":0},{"id":0,"meta":0},{"id":0,"meta":0},{"id":0,"meta":0}],[{"id":0,"meta":0},{"id":0,"meta":0},{"id":0,"meta":0},{"id":0,"meta":0},{"id":0,"meta":0},{"id":108,"meta":2},{"id":108,"meta":1},{"id":108,"meta":1},{"id":108,"meta":3},{"id":0,"meta":0},{"id":0,"meta":0},{"id":0,"meta":0},{"id":0,"meta":0},{"id":0,"meta":0}],[{"id":0,"meta":0},{"id":0,"meta":0},{"id":0,"meta":0},{"id":0,"meta":0},{"id":0,"meta":0},{"id":0,"meta":0},{"id":0,"meta":0},{"id":0,"meta":0},{"id":0,"meta":0},{"id":0,"meta":0},{"id":0,"meta":0},{"id":0,"meta":0},{"id":0,"meta":0},{"id":0,"meta":0}],[{"id":0,"meta":0},{"id":0,"meta":0},{"id":0,"meta":0},{"id":0,"meta":0},{"id":0,"meta":0},{"id":0,"meta":0},{"id":0,"meta":0},{"id":0,"meta":0},{"id":0,"meta":0},{"id":0,"meta":0},{"id":0,"meta":0},{"id":0,"meta":0},{"id":0,"meta":0},{"id":0,"meta":0}],[{"id":0,"meta":0},{"id":0,"meta":0},{"id":0,"meta":0},{"id":0,"meta":0},{"id":0,"meta":0},{"id":0,"meta":0},{"id":0,"meta":0},{"id":0,"meta":0},{"id":0,"meta":0},{"id":0,"meta":0},{"id":0,"meta":0},{"id":0,"meta":0},{"id":0,"meta":0},{"id":0,"meta":0}],[{"id":0,"meta":0},{"id":0,"meta":0},{"id":0,"meta":0},{"id":0,"meta":0},{"id":0,"meta":0},{"id":0,"meta":0},{"id":0,"meta":0},{"id":0,"meta":0},{"id":0,"meta":0},{"id":0,"meta":0},{"id":0,"meta":0},{"id":0,"meta":0},{"id":0,"meta":0},{"id":0,"meta":0}],[{"id":0,"meta":0},{"id":0,"meta":0},{"id":0,"meta":0},{"id":0,"meta":0},{"id":0,"meta":0},{"id":0,"meta":0},{"id":0,"meta":0},{"id":0,"meta":0},{"id":0,"meta":0},{"id":0,"meta":0},{"id":0,"meta":0},{"id":0,"meta":0},{"id":0,"meta":0},{"id":0,"meta":0}]],[[{"id":0,"meta":0},{"id":0,"meta":0},{"id":0,"meta":0},{"id":0,"meta":0},{"id":0,"meta":0},{"id":0,"meta":0},{"id":0,"meta":0},{"id":0,"meta":0},{"id":0,"meta":0},{"id":0,"meta":0},{"id":0,"meta":0},{"id":0,"meta":0},{"id":0,"meta":0},{"id":0,"meta":0}],[{"id":0,"meta":0},{"id":0,"meta":0},{"id":0,"meta":0},{"id":0,"meta":0},{"id":0,"meta":0},{"id":0,"meta":0},{"id":0,"meta":0},{"id":0,"meta":0},{"id":0,"meta":0},{"id":0,"meta":0},{"id":0,"meta":0},{"id":0,"meta":0},{"id":0,"meta":0},{"id":0,"meta":0}],[{"id":0,"meta":0},{"id":0,"meta":0},{"id":0,"meta":0},{"id":0,"meta":0},{"id":0,"meta":0},{"id":0,"meta":0},{"id":0,"meta":0},{"id":0,"meta":0},{"id":0,"meta":0},{"id":0,"meta":0},{"id":0,"meta":0},{"id":0,"meta":0},{"id":0,"meta":0},{"id":0,"meta":0}],[{"id":0,"meta":0},{"id":0,"meta":0},{"id":0,"meta":0},{"id":0,"meta":0},{"id":0,"meta":0},{"id":0,"meta":0},{"id":0,"meta":0},{"id":0,"meta":0},{"id":0,"meta":0},{"id":0,"meta":0},{"id":0,"meta":0},{"id":0,"meta":0},{"id":0,"meta":0},{"id":0,"meta":0}],[{"id":0,"meta":0},{"id":0,"meta":0},{"id":0,"meta":0},{"id":0,"meta":0},{"id":0,"meta":0},{"id":0,"meta":0},{"id":0,"meta":0},{"id":0,"meta":0},{"id":0,"meta":0},{"id":0,"meta":0},{"id":0,"meta":0},{"id":0,"meta":0},{"id":0,"meta":0},{"id":0,"meta":0}],[{"id":0,"meta":0},{"id":0,"meta":0},{"id":0,"meta":0},{"id":0,"meta":0},{"id":0,"meta":0},{"id":0,"meta":0},{"id":0,"meta":0},{"id":0,"meta":0},{"id":0,"meta":0},{"id":0,"meta":0},{"id":0,"meta":0},{"id":0,"meta":0},{"id":0,"meta":0},{"id":0,"meta":0}],[{"id":0,"meta":0},{"id":0,"meta":0},{"id":0,"meta":0},{"id":0,"meta":0},{"id":0,"meta":0},{"id":0,"meta":0},{"id":0,"meta":0},{"id":0,"meta":0},{"id":0,"meta":0},{"id":0,"meta":0},{"id":0,"meta":0},{"id":0,"meta":0},{"id":0,"meta":0},{"id":0,"meta":0}],[{"id":0,"meta":0},{"id":0,"meta":0},{"id":0,"meta":0},{"id":0,"meta":0},{"id":0,"meta":0},{"id":0,"meta":0},{"id":0,"meta":0},{"id":0,"meta":0},{"id":0,"meta":0},{"id":0,"meta":0},{"id":0,"meta":0},{"id":0,"meta":0},{"id":0,"meta":0},{"id":0,"meta":0}],[{"id":0,"meta":0},{"id":0,"meta":0},{"id":0,"meta":0},{"id":0,"meta":0},{"id":0,"meta":0},{"id":0,"meta":0},{"id":0,"meta":0},{"id":0,"meta":0},{"id":0,"meta":0},{"id":0,"meta":0},{"id":0,"meta":0},{"id":0,"meta":0},{"id":0,"meta":0},{"id":0,"meta":0}],[{"id":0,"meta":0},{"id":0,"meta":0},{"id":0,"meta":0},{"id":0,"meta":0},{"id":0,"meta":0},{"id":0,"meta":0},{"id":0,"meta":0},{"id":0,"meta":0},{"id":0,"meta":0},{"id":0,"meta":0},{"id":0,"meta":0},{"id":0,"meta":0},{"id":0,"meta":0},{"id":0,"meta":0}],[{"id":0,"meta":0},{"id":0,"meta":0},{"id":0,"meta":0},{"id":0,"meta":0},{"id":0,"meta":0},{"id":0,"meta":0},{"id":0,"meta":0},{"id":0,"meta":0},{"id":0,"meta":0},{"id":0,"meta":0},{"id":0,"meta":0},{"id":0,"meta":0},{"id":0,"meta":0},{"id":0,"meta":0}],[{"id":0,"meta":0},{"id":0,"meta":0},{"id":0,"meta":0},{"id":0,"meta":0},{"id":0,"meta":0},{"id":0,"meta":0},{"id":0,"meta":0},{"id":0,"meta":0},{"id":0,"meta":0},{"id":0,"meta":0},{"id":0,"meta":0},{"id":0,"meta":0},{"id":0,"meta":0},{"id":0,"meta":0}],[{"id":0,"meta":0},{"id":0,"meta":0},{"id":0,"meta":0},{"id":0,"meta":0},{"id":0,"meta":0},{"id":0,"meta":0},{"id":0,"meta":0},{"id":0,"meta":0},{"id":0,"meta":0},{"id":0,"meta":0},{"id":0,"meta":0},{"id":0,"meta":0},{"id":0,"meta":0},{"id":0,"meta":0}],[{"id":0,"meta":0},{"id":0,"meta":0},{"id":0,"meta":0},{"id":0,"meta":0},{"id":0,"meta":0},{"id":0,"meta":0},{"id":0,"meta":0},{"id":0,"meta":0},{"id":0,"meta":0},{"id":0,"meta":0},{"id":0,"meta":0},{"id":0,"meta":0},{"id":0,"meta":0},{"id":0,"meta":0}]]]
    }